"Model","Simulation","Sample_Size","Covariate","True_Effect","Estimate","SE","p_value","Significant","RMSE_data","RMSE_latent","RMSE_cv_with_gmrf","RMSE_with_gmrf"
"Covariate_Only",1,200,"real",1,0.71818866609398,0.133229127958794,2.01491817763595e-07,TRUE,0.270558940160302,0.197729456054631,NA,NA
"Covariate_Only",1,200,"false_1",0,0.604884652963222,0.116727090022694,5.45807535066326e-07,TRUE,0.270558940160302,0.197729456054631,NA,NA
"Covariate_Only",1,200,"false_2",0,-0.142826194813059,0.185218308834316,0.441567082968442,FALSE,0.270558940160302,0.197729456054631,NA,NA
"Covariate_Only",1,200,"false_3",0,-1.19355478148749,0.0948374069606767,5.64475906877009e-27,TRUE,0.270558940160302,0.197729456054631,NA,NA
"VAST_Normal",1,200,"real",1,0.639298699984054,0.183776473304433,0.000503898519189416,TRUE,0.349045051516538,0.292510050856479,NA,0.0738824389804983
"VAST_Normal",1,200,"false_1",0,0.0938061887039106,0.18259228760258,0.607429083584401,FALSE,0.349045051516538,0.292510050856479,NA,0.0738824389804983
"VAST_Normal",1,200,"false_2",0,0.0691819641098738,0.199888578819953,0.729265582197198,FALSE,0.349045051516538,0.292510050856479,NA,0.0738824389804983
"VAST_Normal",1,200,"false_3",0,-0.313771600057781,0.20865594366325,0.132639300005823,FALSE,0.349045051516538,0.292510050856479,NA,0.0738824389804983
"VAST_RSR",1,200,"real",1,0.71818866609398,0.094640307495917,3.23074900165921e-14,TRUE,0.270558940160302,0.197729456054631,NA,0.0738824389804983
"VAST_RSR",1,200,"false_1",0,0.604884652963222,0.0829179614255829,2.9876101592663e-13,TRUE,0.270558940160302,0.197729456054631,NA,0.0738824389804983
"VAST_RSR",1,200,"false_2",0,-0.142826194813059,0.131571210969533,0.2776812708613,FALSE,0.270558940160302,0.197729456054631,NA,0.0738824389804983
"VAST_RSR",1,200,"false_3",0,-1.19355478148749,0.0673684613446531,0,TRUE,0.270558940160302,0.197729456054631,NA,0.0738824389804983
"VAST_Selected",1,200,"real",1,-0.0777053245664812,0.0845515737804799,0.3580805506727,FALSE,0.381226121706515,0.332928272178165,NA,0.0739959772461126
"Covariate_Only",2,200,"real",1,1.0953756963718,0.133972205703732,3.6727881097157e-14,TRUE,0.292605869333509,0.209336738048455,NA,NA
"Covariate_Only",2,200,"false_1",0,-0.377992010929492,0.106179475578841,0.000465992250221464,TRUE,0.292605869333509,0.209336738048455,NA,NA
"Covariate_Only",2,200,"false_2",0,-0.330509500606493,0.199647524507744,0.0994386389275403,FALSE,0.292605869333509,0.209336738048455,NA,NA
"Covariate_Only",2,200,"false_3",0,0.325914426584006,0.091229140633769,0.00044553225472635,TRUE,0.292605869333509,0.209336738048455,NA,NA
"VAST_Normal",2,200,"real",1,1.11484013661533,0.200818721173179,2.83269017131715e-08,TRUE,0.310278074454902,0.229323729699338,NA,0.0955746401421372
"VAST_Normal",2,200,"false_1",0,-0.0626488487329829,0.232898170656228,0.787932191098047,FALSE,0.310278074454902,0.229323729699338,NA,0.0955746401421372
"VAST_Normal",2,200,"false_2",0,-0.161225806734116,0.258684277998057,0.533118139914583,FALSE,0.310278074454902,0.229323729699338,NA,0.0955746401421372
"VAST_Normal",2,200,"false_3",0,0.115154561518091,0.194055056766467,0.552905590401112,FALSE,0.310278074454902,0.229323729699338,NA,0.0955746401421372
"VAST_RSR",2,200,"real",1,1.0953756963718,0.0826201098443163,0,TRUE,0.292605869333509,0.209336738048455,NA,0.0955746401421372
"VAST_RSR",2,200,"false_1",0,-0.377992010929492,0.0654804471528636,7.80605513561738e-09,TRUE,0.292605869333509,0.209336738048455,NA,0.0955746401421372
"VAST_RSR",2,200,"false_2",0,-0.330509500606493,0.123121809619621,0.00726577950150575,TRUE,0.292605869333509,0.209336738048455,NA,0.0955746401421372
"VAST_RSR",2,200,"false_3",0,0.325914426584006,0.0562606369027976,6.91653156970062e-09,TRUE,0.292605869333509,0.209336738048455,NA,0.0955746401421372
"VAST_Selected",2,200,"real",1,1.1181723475114,0.0704526168399748,0,TRUE,0.330489832565884,0.251808052655729,NA,0.0927237528495576
"Covariate_Only",3,200,"real",1,0.61078009158893,0.130917625395834,5.71285234177229e-06,TRUE,0.259146653951568,0.170986635965197,NA,NA
"Covariate_Only",3,200,"false_1",0,-0.162879178662277,0.103132401205382,0.115883169031958,FALSE,0.259146653951568,0.170986635965197,NA,NA
"Covariate_Only",3,200,"false_2",0,0.46280528455463,0.132841974289409,0.000610183789839426,TRUE,0.259146653951568,0.170986635965197,NA,NA
"Covariate_Only",3,200,"false_3",0,-0.118246383186387,0.165722658660714,0.476377304069241,FALSE,0.259146653951568,0.170986635965197,NA,NA
"VAST_Normal",3,200,"real",1,0.866367114085513,0.222206639936562,9.66205313529533e-05,TRUE,0.270994253263734,0.190237640126168,NA,0.0789059315344467
"VAST_Normal",3,200,"false_1",0,0.15114188613304,0.217385441935453,0.486885217952985,FALSE,0.270994253263734,0.190237640126168,NA,0.0789059315344467
"VAST_Normal",3,200,"false_2",0,0.176452711075272,0.209569088704367,0.399799870237769,FALSE,0.270994253263734,0.190237640126168,NA,0.0789059315344467
"VAST_Normal",3,200,"false_3",0,0.174924753866177,0.231709279428832,0.45028977346437,FALSE,0.270994253263734,0.190237640126168,NA,0.0789059315344467
"VAST_RSR",3,200,"real",1,0.61078009158893,0.0975993039734426,3.8985237260647e-10,TRUE,0.259146653951568,0.170986635965197,NA,0.0789059315344467
"VAST_RSR",3,200,"false_1",0,-0.162879178662278,0.076885373870181,0.0341354803447077,TRUE,0.259146653951568,0.170986635965197,NA,0.0789059315344467
"VAST_RSR",3,200,"false_2",0,0.462805284554631,0.0990339092227133,2.9654244854127e-06,TRUE,0.259146653951568,0.170986635965197,NA,0.0789059315344467
"VAST_RSR",3,200,"false_3",0,-0.118246383186387,0.123546513229293,0.338516720818812,FALSE,0.259146653951568,0.170986635965197,NA,0.0789059315344467
"VAST_Selected",3,200,"real",1,0.90334638134216,0.0467863041412336,0,TRUE,0.273372806647759,0.190397117226198,NA,0.0780821888425394
"Covariate_Only",4,200,"real",1,0.971312548475522,0.0917232517460047,5.42662543354626e-21,TRUE,0.246413361972779,0.147436114575451,NA,NA
"Covariate_Only",4,200,"false_1",0,-0.5865569793059,0.138009217330371,3.30928321403968e-05,TRUE,0.246413361972779,0.147436114575451,NA,NA
"Covariate_Only",4,200,"false_2",0,-0.128256401536793,0.0941683955013714,0.174772366823248,FALSE,0.246413361972779,0.147436114575451,NA,NA
"Covariate_Only",4,200,"false_3",0,0.010208387111052,0.09602203891384,0.915443338751514,FALSE,0.246413361972779,0.147436114575451,NA,NA
"VAST_Normal",4,200,"real",1,1.13233716521332,0.197745111375432,1.02677265578777e-08,TRUE,0.259877092248669,0.166045170199249,NA,0.0782475142882532
"VAST_Normal",4,200,"false_1",0,-0.126514865260612,0.22196449891523,0.568692668248028,FALSE,0.259877092248669,0.166045170199249,NA,0.0782475142882532
"VAST_Normal",4,200,"false_2",0,-0.0836427403345301,0.199477847121476,0.6749907458321,FALSE,0.259877092248669,0.166045170199249,NA,0.0782475142882532
"VAST_Normal",4,200,"false_3",0,-0.0765218128016241,0.197417489487061,0.698301594318786,FALSE,0.259877092248669,0.166045170199249,NA,0.0782475142882532
"VAST_RSR",4,200,"real",1,0.971312548475522,0.0764305828269709,0,TRUE,0.246413361972779,0.147436114575451,NA,0.0782475142882532
"VAST_RSR",4,200,"false_1",0,-0.586556979305899,0.114999465405606,3.38723047166312e-07,TRUE,0.246413361972779,0.147436114575451,NA,0.0782475142882532
"VAST_RSR",4,200,"false_2",0,-0.128256401536793,0.0784680570634483,0.102152937642104,FALSE,0.246413361972779,0.147436114575451,NA,0.0782475142882532
"VAST_RSR",4,200,"false_3",0,0.0102083871110519,0.0800126495595871,0.898477667290544,FALSE,0.246413361972779,0.147436114575451,NA,0.0782475142882532
"VAST_Selected",4,200,"real",1,0.837701577076816,0.0662376871893557,0,TRUE,0.261613537319077,0.167837603163288,NA,0.0768428741943598
"Covariate_Only",5,200,"real",1,0.78726169519252,0.063172210702825,1.33382575925148e-26,TRUE,0.232830343429624,0.130436874841509,NA,NA
"Covariate_Only",5,200,"false_1",0,0.0612037556905575,0.0915538002519477,0.504604757129591,FALSE,0.232830343429624,0.130436874841509,NA,NA
"Covariate_Only",5,200,"false_2",0,-0.218257668152471,0.0943247653855314,0.0217155610827623,TRUE,0.232830343429624,0.130436874841509,NA,NA
"Covariate_Only",5,200,"false_3",0,0.15230039858491,0.0709048224356898,0.0329509918825621,TRUE,0.232830343429624,0.130436874841509,NA,NA
"VAST_Normal",5,200,"real",1,0.904780035535386,0.140837560246268,1.32494459847976e-10,TRUE,0.241465008357177,0.147750560187661,NA,0.0900742520846855
"VAST_Normal",5,200,"false_1",0,-0.0071600132906724,0.174695814857182,0.967307373464201,FALSE,0.241465008357177,0.147750560187661,NA,0.0900742520846855
"VAST_Normal",5,200,"false_2",0,0.123995247914769,0.17456874383601,0.477521425719634,FALSE,0.241465008357177,0.147750560187661,NA,0.0900742520846855
"VAST_Normal",5,200,"false_3",0,0.0274760204289791,0.162418824496784,0.865664728222538,FALSE,0.241465008357177,0.147750560187661,NA,0.0900742520846855
"VAST_RSR",5,200,"real",1,0.78726169519252,0.0500325051327932,0,TRUE,0.232830343429624,0.130436874841509,NA,0.0900742520846855
"VAST_RSR",5,200,"false_1",0,0.0612037556905573,0.0725107753879425,0.398633484675717,FALSE,0.232830343429624,0.130436874841509,NA,0.0900742520846855
"VAST_RSR",5,200,"false_2",0,-0.218257668152471,0.0747053847854351,0.00348262168991331,TRUE,0.232830343429624,0.130436874841509,NA,0.0900742520846855
"VAST_RSR",5,200,"false_3",0,0.15230039858491,0.0561567476107782,0.00668667409107859,TRUE,0.232830343429624,0.130436874841509,NA,0.0900742520846855
"VAST_Selected",5,200,"real",1,0.900284036292611,0.0347827532204638,0,TRUE,0.237007555270273,0.13931008048718,NA,0.0900973628244507
"Covariate_Only",6,200,"real",1,0.703590014281845,0.129350294697157,1.58981897446504e-07,TRUE,0.260181885664104,0.189676039129789,NA,NA
"Covariate_Only",6,200,"false_1",0,0.0818829883129756,0.0704803157404507,0.246742763998123,FALSE,0.260181885664104,0.189676039129789,NA,NA
"Covariate_Only",6,200,"false_2",0,0.0579426668613905,0.17517032294666,0.741166564191499,FALSE,0.260181885664104,0.189676039129789,NA,NA
"Covariate_Only",6,200,"false_3",0,-0.340289845656696,0.100562022953477,0.00086388413696421,TRUE,0.260181885664104,0.189676039129789,NA,NA
"VAST_Normal",6,200,"real",1,0.841894965610521,0.203235706027701,3.43606335192481e-05,TRUE,0.26345936608655,0.191480186075447,NA,0.0702579552047497
"VAST_Normal",6,200,"false_1",0,0.150751383271999,0.185748909337764,0.41702870518805,FALSE,0.26345936608655,0.191480186075447,NA,0.0702579552047497
"VAST_Normal",6,200,"false_2",0,0.131114840184123,0.21769363643014,0.546980688451692,FALSE,0.26345936608655,0.191480186075447,NA,0.0702579552047497
"VAST_Normal",6,200,"false_3",0,-0.238842742761373,0.182297520377708,0.190134620598856,FALSE,0.26345936608655,0.191480186075447,NA,0.0702579552047497
"VAST_RSR",6,200,"real",1,0.703590014281846,0.0875078836625123,8.88178419700125e-16,TRUE,0.260181885664104,0.189676039129789,NA,0.0702579552047497
"VAST_RSR",6,200,"false_1",0,0.0818829883129755,0.0476812463763804,0.0859244336724491,FALSE,0.260181885664104,0.189676039129789,NA,0.0702579552047497
"VAST_RSR",6,200,"false_2",0,0.0579426668613902,0.11850598622469,0.624882085000137,FALSE,0.260181885664104,0.189676039129789,NA,0.0702579552047497
"VAST_RSR",6,200,"false_3",0,-0.340289845656696,0.0680320816128239,5.67672716389467e-07,TRUE,0.260181885664104,0.189676039129789,NA,0.0702579552047497
"VAST_Selected",6,200,"real",1,0.750735853622585,0.0591735777028483,0,TRUE,0.269241345081015,0.198822711004884,NA,0.0692021196582795
"Covariate_Only",7,200,"real",1,0.971180609890463,0.1270531247394,9.33840497460309e-13,TRUE,0.241157501248546,0.126313885177759,NA,NA
"Covariate_Only",7,200,"false_1",0,0.19650904737926,0.0754476551284104,0.00990752725921215,TRUE,0.241157501248546,0.126313885177759,NA,NA
"Covariate_Only",7,200,"false_2",0,-0.13051655651095,0.09182843209529,0.156824262821523,FALSE,0.241157501248546,0.126313885177759,NA,NA
"Covariate_Only",7,200,"false_3",0,0.198745660218534,0.106142925191919,0.0626433866402098,FALSE,0.241157501248546,0.126313885177759,NA,NA
"VAST_Normal",7,200,"real",1,0.813292639847579,0.208000857570005,9.22790629598325e-05,TRUE,0.245431008093744,0.144310416140824,NA,0.0750346593819814
"VAST_Normal",7,200,"false_1",0,0.0775928191254317,0.14755212314068,0.598980492641625,FALSE,0.245431008093744,0.144310416140824,NA,0.0750346593819814
"VAST_Normal",7,200,"false_2",0,-0.112894890181561,0.160756137639613,0.482508171127456,FALSE,0.245431008093744,0.144310416140824,NA,0.0750346593819814
"VAST_Normal",7,200,"false_3",0,0.262799100617766,0.181022175287007,0.146570888887985,FALSE,0.245431008093744,0.144310416140824,NA,0.0750346593819814
"VAST_RSR",7,200,"real",1,0.971180609890462,0.106020950677658,0,TRUE,0.241157501248546,0.126313885177759,NA,0.0750346593819814
"VAST_RSR",7,200,"false_1",0,0.196509047379261,0.062958169187267,0.00180076710093136,TRUE,0.241157501248546,0.126313885177759,NA,0.0750346593819814
"VAST_RSR",7,200,"false_2",0,-0.13051655651095,0.0766272981475298,0.0885185812783129,FALSE,0.241157501248546,0.126313885177759,NA,0.0750346593819814
"VAST_RSR",7,200,"false_3",0,0.198745660218533,0.0885721926134181,0.0248399135514518,TRUE,0.241157501248546,0.126313885177759,NA,0.0750346593819814
"VAST_Selected",7,200,"real",1,1.04301317757764,0.0937282129040865,0,TRUE,0.253134211232971,0.161737062746567,NA,0.0770613969543782
"Covariate_Only",8,200,"real",1,1.10618645549792,0.131593980565498,8.79711224176305e-15,TRUE,0.227648937989796,0.135789851439,NA,NA
"Covariate_Only",8,200,"false_1",0,-0.0923656467280191,0.140656192632293,0.512163022913537,FALSE,0.227648937989796,0.135789851439,NA,NA
"Covariate_Only",8,200,"false_2",0,-0.346107861477732,0.108044513982714,0.00158657077041431,TRUE,0.227648937989796,0.135789851439,NA,NA
"Covariate_Only",8,200,"false_3",0,0.304665695377562,0.0792236741114225,0.000162745729327066,TRUE,0.227648937989796,0.135789851439,NA,NA
"VAST_Normal",8,200,"real",1,1.02131194328948,0.192777993944507,1.17164015933646e-07,TRUE,0.235957956882136,0.136526912359829,NA,0.075433471448755
"VAST_Normal",8,200,"false_1",0,0.015909480641362,0.18266164853579,0.930593543848386,FALSE,0.235957956882136,0.136526912359829,NA,0.075433471448755
"VAST_Normal",8,200,"false_2",0,-0.00648484411447029,0.200960114185058,0.974257283952894,FALSE,0.235957956882136,0.136526912359829,NA,0.075433471448755
"VAST_Normal",8,200,"false_3",0,0.241601721633424,0.141673933757665,0.0881316953551251,FALSE,0.235957956882136,0.136526912359829,NA,0.075433471448755
"VAST_RSR",8,200,"real",1,1.10618645549792,0.105063802795832,0,TRUE,0.227648937989796,0.135789851439,NA,0.075433471448755
"VAST_RSR",8,200,"false_1",0,-0.0923656467280186,0.112299015663383,0.4107938743248,FALSE,0.227648937989796,0.135789851439,NA,0.075433471448755
"VAST_RSR",8,200,"false_2",0,-0.346107861477732,0.0862620574396383,6.01341272270517e-05,TRUE,0.227648937989796,0.135789851439,NA,0.075433471448755
"VAST_RSR",8,200,"false_3",0,0.304665695377562,0.0632516809495037,1.4593656827433e-06,TRUE,0.227648937989796,0.135789851439,NA,0.075433471448755
"VAST_Selected",8,200,"real",1,0.876470333648363,0.0551308273392039,0,TRUE,0.249834390653241,0.156115853333031,NA,0.0726312411900344
"Covariate_Only",9,200,"real",1,1.00662135596491,0.0762232943631232,7.30899409700926e-29,TRUE,0.236743282798182,0.158990627276483,NA,NA
"Covariate_Only",9,200,"false_1",0,0.173647950499897,0.102210732477432,0.0909288902841104,FALSE,0.236743282798182,0.158990627276483,NA,NA
"Covariate_Only",9,200,"false_2",0,-0.197188567215608,0.066288896467677,0.00330349633322016,TRUE,0.236743282798182,0.158990627276483,NA,NA
"Covariate_Only",9,200,"false_3",0,0.205297299851203,0.132874478463683,0.123956246006494,FALSE,0.236743282798182,0.158990627276483,NA,NA
"VAST_Normal",9,200,"real",1,0.962589910886027,0.159822306969269,1.71344893828973e-09,TRUE,0.243843950799833,0.175223766134087,NA,0.0837438626503739
"VAST_Normal",9,200,"false_1",0,-0.0968421308436582,0.183930564810671,0.598530698969933,FALSE,0.243843950799833,0.175223766134087,NA,0.0837438626503739
"VAST_Normal",9,200,"false_2",0,-0.0954791147651829,0.144305292111017,0.508197695666467,FALSE,0.243843950799833,0.175223766134087,NA,0.0837438626503739
"VAST_Normal",9,200,"false_3",0,0.062195513401434,0.169573836022562,0.713786550515979,FALSE,0.243843950799833,0.175223766134087,NA,0.0837438626503739
"VAST_RSR",9,200,"real",1,1.00662135596491,0.0628169562214393,0,TRUE,0.236743282798182,0.158990627276483,NA,0.0837438626503739
"VAST_RSR",9,200,"false_1",0,0.173647950499897,0.084233660602609,0.0392550702428879,TRUE,0.236743282798182,0.158990627276483,NA,0.0837438626503739
"VAST_RSR",9,200,"false_2",0,-0.197188567215608,0.0546298443562439,0.000306741364494156,TRUE,0.236743282798182,0.158990627276483,NA,0.0837438626503739
"VAST_RSR",9,200,"false_3",0,0.205297299851203,0.109504192469513,0.0608217013347266,FALSE,0.236743282798182,0.158990627276483,NA,0.0837438626503739
"VAST_Selected",9,200,"real",1,1.03649032046405,0.0545730386268196,0,TRUE,0.248646096357289,0.18465353663584,NA,0.0831204166798815
"Covariate_Only",10,200,"real",1,1.09604613753238,0.111393051798959,8.35672692575182e-19,TRUE,0.25725612846628,0.161231215229096,NA,NA
"Covariate_Only",10,200,"false_1",0,-0.714562522476548,0.0952527981206649,2.17550269247912e-12,TRUE,0.25725612846628,0.161231215229096,NA,NA
"Covariate_Only",10,200,"false_2",0,-0.426061714464094,0.107999186338223,0.00011125574922219,TRUE,0.25725612846628,0.161231215229096,NA,NA
"Covariate_Only",10,200,"false_3",0,0.0550801571952357,0.142233329402519,0.698991895543998,FALSE,0.25725612846628,0.161231215229096,NA,NA
"VAST_Normal",10,200,"real",1,0.991395097563404,0.1885588879101,1.45830239106637e-07,TRUE,0.322060615598459,0.257127739580967,NA,0.0699926862445308
"VAST_Normal",10,200,"false_1",0,0.191762065718541,0.194722018412238,0.324722769786392,FALSE,0.322060615598459,0.257127739580967,NA,0.0699926862445308
"VAST_Normal",10,200,"false_2",0,-0.188810980915502,0.1826310882008,0.301211847358002,FALSE,0.322060615598459,0.257127739580967,NA,0.0699926862445308
"VAST_Normal",10,200,"false_3",0,-0.213956060381386,0.1958587417516,0.274657388309374,FALSE,0.322060615598459,0.257127739580967,NA,0.0699926862445308
"VAST_RSR",10,200,"real",1,1.09604613753239,0.0813469171765728,0,TRUE,0.25725612846628,0.161231215229096,NA,0.0699926862445308
"VAST_RSR",10,200,"false_1",0,-0.714562522476548,0.0695601866940765,0,TRUE,0.25725612846628,0.161231215229096,NA,0.0699926862445308
"VAST_RSR",10,200,"false_2",0,-0.426061714464094,0.0788684816899392,6.58359285976573e-08,TRUE,0.25725612846628,0.161231215229096,NA,0.0699926862445308
"VAST_RSR",10,200,"false_3",0,0.0550801571952364,0.103868622681572,0.59591311296365,FALSE,0.25725612846628,0.161231215229096,NA,0.0699926862445308
"VAST_Selected",10,200,"real",1,1.06327732275122,0.0688488266311126,0,TRUE,0.306732209523131,0.234896601272061,NA,0.0669899380961248
"Covariate_Only",11,200,"real",1,0.762968721619111,0.103282882392083,4.27552522172624e-12,TRUE,0.243751571045873,0.154582884333622,NA,NA
"Covariate_Only",11,200,"false_1",0,0.41172677567157,0.144435068064621,0.00483308242245403,TRUE,0.243751571045873,0.154582884333622,NA,NA
"Covariate_Only",11,200,"false_2",0,-0.391805400834951,0.142842334513059,0.00665697972698539,TRUE,0.243751571045873,0.154582884333622,NA,NA
"Covariate_Only",11,200,"false_3",0,-0.345935969254626,0.0948929903363347,0.000342219040930252,TRUE,0.243751571045873,0.154582884333622,NA,NA
"VAST_Normal",11,200,"real",1,0.955000624572226,0.17176276975905,2.69778027695011e-08,TRUE,0.267825286295607,0.196054507207808,NA,0.0862792820266916
"VAST_Normal",11,200,"false_1",0,-0.0557566879981635,0.206236077500293,0.786888151116447,FALSE,0.267825286295607,0.196054507207808,NA,0.0862792820266916
"VAST_Normal",11,200,"false_2",0,-0.121802122068172,0.17867649205425,0.495434481602088,FALSE,0.267825286295607,0.196054507207808,NA,0.0862792820266916
"VAST_Normal",11,200,"false_3",0,-0.235567051501857,0.161598056903865,0.144913757672384,FALSE,0.267825286295607,0.196054507207808,NA,0.0862792820266916
"VAST_RSR",11,200,"real",1,0.76296872161911,0.0857099740466686,0,TRUE,0.243751571045873,0.154582884333622,NA,0.0862792820266916
"VAST_RSR",11,200,"false_1",0,0.41172677567157,0.119860383913882,0.00059243787011054,TRUE,0.243751571045873,0.154582884333622,NA,0.0862792820266916
"VAST_RSR",11,200,"false_2",0,-0.391805400834951,0.118538643580868,0.000948758677983275,TRUE,0.243751571045873,0.154582884333622,NA,0.0862792820266916
"VAST_RSR",11,200,"false_3",0,-0.345935969254625,0.0787475673661239,1.11810808941515e-05,TRUE,0.243751571045873,0.154582884333622,NA,0.0862792820266916
"VAST_Selected",11,200,"real",1,0.332022866850318,0.0600621911531931,3.23930504642078e-08,TRUE,0.268298256921725,0.187633589986263,NA,0.0840820582335657
"Covariate_Only",12,200,"real",1,0.479273413359099,0.113150218952773,3.5095325942513e-05,TRUE,0.263020928148372,0.159595975698971,NA,NA
"Covariate_Only",12,200,"false_1",0,-0.0884635184141879,0.134979085443039,0.512991146126883,FALSE,0.263020928148372,0.159595975698971,NA,NA
"Covariate_Only",12,200,"false_2",0,-0.179248402295492,0.138734941872939,0.19787912353686,FALSE,0.263020928148372,0.159595975698971,NA,NA
"Covariate_Only",12,200,"false_3",0,0.460120362957877,0.123689354530579,0.000260475082629611,TRUE,0.263020928148372,0.159595975698971,NA,NA
"VAST_Normal",12,200,"real",1,0.875917621286613,0.225224148969314,0.000100619631152488,TRUE,0.283497030168152,0.197778369995768,NA,0.0665155925668858
"VAST_Normal",12,200,"false_1",0,-0.0630837290473933,0.186437941275773,0.735089540326344,FALSE,0.283497030168152,0.197778369995768,NA,0.0665155925668858
"VAST_Normal",12,200,"false_2",0,-0.0513174857462016,0.199984347374168,0.797481775689436,FALSE,0.283497030168152,0.197778369995768,NA,0.0665155925668858
"VAST_Normal",12,200,"false_3",0,-0.178089008926428,0.220819364427587,0.419959328405288,FALSE,0.283497030168152,0.197778369995768,NA,0.0665155925668858
"VAST_RSR",12,200,"real",1,0.479273413359097,0.0868752227171231,3.45223757358681e-08,TRUE,0.263020928148372,0.159595975698971,NA,0.0665155925668858
"VAST_RSR",12,200,"false_1",0,-0.0884635184141882,0.103635134059369,0.393323620836065,FALSE,0.263020928148372,0.159595975698971,NA,0.0665155925668858
"VAST_RSR",12,200,"false_2",0,-0.179248402295489,0.106518830324927,0.0924165154824902,FALSE,0.263020928148372,0.159595975698971,NA,0.0665155925668858
"VAST_RSR",12,200,"false_3",0,0.46012036295788,0.094967029865548,1.2657741474964e-06,TRUE,0.263020928148372,0.159595975698971,NA,0.0665155925668858
"VAST_Selected",12,200,"real",1,0.738403777736733,0.05591266784519,0,TRUE,0.275093189268484,0.183158788751351,NA,0.0654957429143002
"Covariate_Only",13,200,"real",1,0.566280826912604,0.134610128505778,3.9469681173631e-05,TRUE,0.269726189713721,0.152359111824551,NA,NA
"Covariate_Only",13,200,"false_1",0,-0.636628060965501,0.0871159795213351,6.80479813899561e-12,TRUE,0.269726189713721,0.152359111824551,NA,NA
"Covariate_Only",13,200,"false_2",0,-0.536506034213471,0.170001736571677,0.00185390443213934,TRUE,0.269726189713721,0.152359111824551,NA,NA
"Covariate_Only",13,200,"false_3",0,-0.290548201928261,0.139743631367762,0.038911589679463,TRUE,0.269726189713721,0.152359111824551,NA,NA
"VAST_Normal",13,200,"real",1,1.15915320703077,0.229355022591076,4.32721549592507e-07,TRUE,0.325189217864886,0.222078995248688,NA,0.0719636868248565
"VAST_Normal",13,200,"false_1",0,-0.193637919819287,0.216278769233803,0.370617998731656,FALSE,0.325189217864886,0.222078995248688,NA,0.0719636868248565
"VAST_Normal",13,200,"false_2",0,0.358654529525656,0.240143008271361,0.135305323129825,FALSE,0.325189217864886,0.222078995248688,NA,0.0719636868248565
"VAST_Normal",13,200,"false_3",0,0.0223448680197832,0.176138077807068,0.899051244493887,FALSE,0.325189217864886,0.222078995248688,NA,0.0719636868248565
"VAST_RSR",13,200,"real",1,0.566280826912603,0.102920089881013,3.75207087621732e-08,TRUE,0.269726189713721,0.152359111824551,NA,0.0719636868248565
"VAST_RSR",13,200,"false_1",0,-0.636628060965502,0.0666070565561,0,TRUE,0.269726189713721,0.152359111824551,NA,0.0719636868248565
"VAST_RSR",13,200,"false_2",0,-0.536506034213471,0.129979773454671,3.66550385402231e-05,TRUE,0.269726189713721,0.152359111824551,NA,0.0719636868248565
"VAST_RSR",13,200,"false_3",0,-0.29054820192826,0.106845058840069,0.00654120370938338,TRUE,0.269726189713721,0.152359111824551,NA,0.0719636868248565
"VAST_Selected",13,200,"real",1,0.421235025881385,0.1024419587998,3.9235096726431e-05,TRUE,0.320492268934379,0.220313465196985,NA,0.0667176672689575
"Covariate_Only",14,200,"real",1,1.6255735155652,0.133452593327316,9.47792267384736e-26,TRUE,0.250482616258646,0.126583911318504,NA,NA
"Covariate_Only",14,200,"false_1",0,-0.393573967888405,0.141782238354012,0.00604109593381934,TRUE,0.250482616258646,0.126583911318504,NA,NA
"Covariate_Only",14,200,"false_2",0,0.173568308817992,0.079297191271055,0.029796666960769,TRUE,0.250482616258646,0.126583911318504,NA,NA
"Covariate_Only",14,200,"false_3",0,0.561170470546717,0.118024073427122,3.85475235440182e-06,TRUE,0.250482616258646,0.126583911318504,NA,NA
"VAST_Normal",14,200,"real",1,1.2537523390557,0.232640441115124,7.07610554595561e-08,TRUE,0.274395318663436,0.154026169980748,NA,0.0847961079278455
"VAST_Normal",14,200,"false_1",0,-0.187402918619034,0.232314357061555,0.419851928741856,FALSE,0.274395318663436,0.154026169980748,NA,0.0847961079278455
"VAST_Normal",14,200,"false_2",0,-0.0474432167409324,0.166199381437269,0.775292015874209,FALSE,0.274395318663436,0.154026169980748,NA,0.0847961079278455
"VAST_Normal",14,200,"false_3",0,0.280426274006006,0.201639532020332,0.164307124809093,FALSE,0.274395318663436,0.154026169980748,NA,0.0847961079278455
"VAST_RSR",14,200,"real",1,1.6255735155652,0.110342426246065,0,TRUE,0.250482616258646,0.126583911318504,NA,0.0847961079278455
"VAST_RSR",14,200,"false_1",0,-0.393573967888406,0.117229615315218,0.000787101386041877,TRUE,0.250482616258646,0.126583911318504,NA,0.0847961079278455
"VAST_RSR",14,200,"false_2",0,0.173568308817992,0.0655651888149216,0.00811461787568268,TRUE,0.250482616258646,0.126583911318504,NA,0.0847961079278455
"VAST_RSR",14,200,"false_3",0,0.561170470546717,0.0975856841196854,8.89583640084624e-09,TRUE,0.250482616258646,0.126583911318504,NA,0.0847961079278455
"VAST_Selected",14,200,"real",1,0.888760817090964,0.0868009349915792,0,TRUE,0.300929800574577,0.1878136822352,NA,0.0853108143387491
"Covariate_Only",15,200,"real",1,0.830671029380141,0.144905979011106,3.71633699218459e-08,TRUE,0.249399385903826,0.171739671529682,NA,NA
"Covariate_Only",15,200,"false_1",0,-0.998045925618475,0.0952002241103842,1.11217030837384e-20,TRUE,0.249399385903826,0.171739671529682,NA,NA
"Covariate_Only",15,200,"false_2",0,0.308457811514175,0.130171793570341,0.0187826886505808,TRUE,0.249399385903826,0.171739671529682,NA,NA
"Covariate_Only",15,200,"false_3",0,0.155669381197064,0.131432892924546,0.237695580262167,FALSE,0.249399385903826,0.171739671529682,NA,NA
"VAST_Normal",15,200,"real",1,1.25992083436537,0.167794631383419,5.97299987248334e-14,TRUE,0.345945620274082,0.315007341760301,NA,0.087484988932046
"VAST_Normal",15,200,"false_1",0,-0.155316166897279,0.172989946062419,0.369274327619997,FALSE,0.345945620274082,0.315007341760301,NA,0.087484988932046
"VAST_Normal",15,200,"false_2",0,0.420693963967433,0.184312098795558,0.0224593260477655,TRUE,0.345945620274082,0.315007341760301,NA,0.087484988932046
"VAST_Normal",15,200,"false_3",0,-0.256277987295099,0.173551308540964,0.139764153923538,FALSE,0.345945620274082,0.315007341760301,NA,0.087484988932046
"VAST_RSR",15,200,"real",1,0.830671029366306,0.109848961065627,3.97459842815806e-14,TRUE,0.249399385903826,0.171739671528532,NA,0.087484988932046
"VAST_RSR",15,200,"false_1",0,-0.998045925645638,0.0721684901003216,0,TRUE,0.249399385903826,0.171739671528532,NA,0.087484988932046
"VAST_RSR",15,200,"false_2",0,0.308457811510557,0.0986794084090561,0.00177287175990903,TRUE,0.249399385903826,0.171739671528532,NA,0.087484988932046
"VAST_RSR",15,200,"false_3",0,0.155669381210343,0.0996354107410878,0.118196113496822,FALSE,0.249399385903826,0.171739671528532,NA,0.087484988932046
"VAST_Selected",15,200,"real",1,0.304621155387965,0.103429792386108,0.00322748679276186,TRUE,0.31213425590107,0.257781018136986,NA,0.0885370303715366
"VAST_Selected",15,200,"false_1",0,-0.0862255397815884,0.0746293972571908,0.247933604525188,FALSE,0.31213425590107,0.257781018136986,NA,0.0885370303715366
"Covariate_Only",16,200,"real",1,0.513687911277025,0.118222353282618,2.23808698380843e-05,TRUE,0.251291268682482,0.143887112957068,NA,NA
"Covariate_Only",16,200,"false_1",0,-0.071618693729706,0.0940002421264992,0.447040781537948,FALSE,0.251291268682482,0.143887112957068,NA,NA
"Covariate_Only",16,200,"false_2",0,0.165465555501185,0.0741090215621754,0.0267038615976452,TRUE,0.251291268682482,0.143887112957068,NA,NA
"Covariate_Only",16,200,"false_3",0,-0.30049652709728,0.12025495342007,0.013286490621745,TRUE,0.251291268682482,0.143887112957068,NA,NA
"VAST_Normal",16,200,"real",1,0.739000222757213,0.207483123516315,0.00036840997894827,TRUE,0.257682379160668,0.156412788358167,NA,0.0812849288350872
"VAST_Normal",16,200,"false_1",0,0.0877588440079354,0.180038554052216,0.625943203023147,FALSE,0.257682379160668,0.156412788358167,NA,0.0812849288350872
"VAST_Normal",16,200,"false_2",0,0.241256255389464,0.136635224776232,0.0774468819890247,FALSE,0.257682379160668,0.156412788358167,NA,0.0812849288350872
"VAST_Normal",16,200,"false_3",0,-0.2639936533706,0.18558111939668,0.154874100109836,FALSE,0.257682379160668,0.156412788358167,NA,0.0812849288350872
"VAST_RSR",16,200,"real",1,0.513687911277025,0.097519858849843,1.38278294037342e-07,TRUE,0.251291268682482,0.143887112957068,NA,0.0812849288350872
"VAST_RSR",16,200,"false_1",0,-0.0716186937297058,0.0775394000330316,0.355672421868787,FALSE,0.251291268682482,0.143887112957068,NA,0.0812849288350872
"VAST_RSR",16,200,"false_2",0,0.165465555501185,0.0611314283768866,0.00679518915713884,TRUE,0.251291268682482,0.143887112957068,NA,0.0812849288350872
"VAST_RSR",16,200,"false_3",0,-0.300496527097281,0.0991965204370869,0.00245116988399474,TRUE,0.251291268682482,0.143887112957068,NA,0.0812849288350872
"VAST_Selected",16,200,"real",1,0.224751049427115,0.0759222214397776,0.00307359348934788,TRUE,0.266649644434483,0.167363637147854,NA,0.0762106276117815
"Covariate_Only",17,200,"real",1,0.289180131773617,0.114006898643001,0.011979667190393,TRUE,0.234745231125964,0.152153005018634,NA,NA
"Covariate_Only",17,200,"false_1",0,-0.446822135903391,0.111719446177369,9.00505808521901e-05,TRUE,0.234745231125964,0.152153005018634,NA,NA
"Covariate_Only",17,200,"false_2",0,-0.0422893917986076,0.121591601705577,0.728366559792481,FALSE,0.234745231125964,0.152153005018634,NA,NA
"Covariate_Only",17,200,"false_3",0,0.167570919737247,0.127598958662723,0.190637731252661,FALSE,0.234745231125964,0.152153005018634,NA,NA
"VAST_Normal",17,200,"real",1,0.639425252425434,0.154798485771933,3.61668962276518e-05,TRUE,0.284690821769192,0.216983877753934,NA,0.0808519368554116
"VAST_Normal",17,200,"false_1",0,0.043187489870415,0.177743126735546,0.808023222947057,FALSE,0.284690821769192,0.216983877753934,NA,0.0808519368554116
"VAST_Normal",17,200,"false_2",0,0.0852168587433617,0.183296787841411,0.641994544992367,FALSE,0.284690821769192,0.216983877753934,NA,0.0808519368554116
"VAST_Normal",17,200,"false_3",0,-0.225063437035829,0.180422252505461,0.212241280633172,FALSE,0.284690821769192,0.216983877753934,NA,0.0808519368554116
"VAST_RSR",17,200,"real",1,0.289180131773616,0.0955821073031224,0.00248252753950595,TRUE,0.234745231125964,0.152153005018634,NA,0.0808519368554116
"VAST_RSR",17,200,"false_1",0,-0.446822135903391,0.0936643327682187,1.83803901421253e-06,TRUE,0.234745231125964,0.152153005018634,NA,0.0808519368554116
"VAST_RSR",17,200,"false_2",0,-0.0422893917986078,0.101941037425935,0.678257801281946,FALSE,0.234745231125964,0.152153005018634,NA,0.0808519368554116
"VAST_RSR",17,200,"false_3",0,0.167570919737247,0.106977538235277,0.117252151453476,FALSE,0.234745231125964,0.152153005018634,NA,0.0808519368554116
"VAST_Selected",17,200,"real",1,0.0334356599203386,0.0809251809029678,0.679483850283945,FALSE,0.24840185153193,0.175552615183177,NA,0.0826022470172864
"Covariate_Only",18,200,"real",1,1.58148516373375,0.0926871178755203,1.53455470274477e-40,TRUE,0.243943331736851,0.131831080691878,NA,NA
"Covariate_Only",18,200,"false_1",0,-0.0883553062471408,0.138649298169116,0.524704598820695,FALSE,0.243943331736851,0.131831080691878,NA,NA
"Covariate_Only",18,200,"false_2",0,0.293388966313636,0.101344309993282,0.00422422631362261,TRUE,0.243943331736851,0.131831080691878,NA,NA
"Covariate_Only",18,200,"false_3",0,-0.0189859952969746,0.0985914871036225,0.847494300691191,FALSE,0.243943331736851,0.131831080691878,NA,NA
"VAST_Normal",18,200,"real",1,1.45354654518213,0.17972892307462,5.55111512312578e-16,TRUE,0.245730953051218,0.131715729177102,NA,0.0808763844250914
"VAST_Normal",18,200,"false_1",0,-0.171180447058647,0.199934814396805,0.391897510685315,FALSE,0.245730953051218,0.131715729177102,NA,0.0808763844250914
"VAST_Normal",18,200,"false_2",0,0.294862665506328,0.169695422910342,0.0822814251469931,FALSE,0.245730953051218,0.131715729177102,NA,0.0808763844250914
"VAST_Normal",18,200,"false_3",0,-0.0328867475655651,0.176208733121538,0.851946686422906,FALSE,0.245730953051218,0.131715729177102,NA,0.0808763844250914
"VAST_RSR",18,200,"real",1,1.58148516373375,0.0788310106502667,0,TRUE,0.243943331736851,0.131831080691878,NA,0.0808763844250914
"VAST_RSR",18,200,"false_1",0,-0.0883553062471408,0.117922150900198,0.453695629190525,FALSE,0.243943331736851,0.131831080691878,NA,0.0808763844250914
"VAST_RSR",18,200,"false_2",0,0.293388966313636,0.0861940101660483,0.00066450327791423,TRUE,0.243943331736851,0.131831080691878,NA,0.0808763844250914
"VAST_RSR",18,200,"false_3",0,-0.0189859952969746,0.083852715976445,0.820874186550231,FALSE,0.243943331736851,0.131831080691878,NA,0.0808763844250914
"VAST_Selected",18,200,"real",1,1.59898091323757,0.0704229318236473,0,TRUE,0.249147096169378,0.138668925241456,NA,0.0806286420473551
"Covariate_Only",19,200,"real",1,1.22744900350907,0.0874947878515738,2.27751429263711e-31,TRUE,0.244633681406737,0.148974705405084,NA,NA
"Covariate_Only",19,200,"false_1",0,-0.283111414163592,0.0683015843573844,5.06365540378376e-05,TRUE,0.244633681406737,0.148974705405084,NA,NA
"Covariate_Only",19,200,"false_2",0,0.241142935748835,0.121671957506067,0.0488939869678276,TRUE,0.244633681406737,0.148974705405084,NA,NA
"Covariate_Only",19,200,"false_3",0,0.104297751272143,0.117623537524755,0.376328301169616,FALSE,0.244633681406737,0.148974705405084,NA,NA
"VAST_Normal",19,200,"real",1,1.34032582269601,0.181511359022403,1.53321799700734e-13,TRUE,0.256338195682233,0.180697386561526,NA,0.0856802641508018
"VAST_Normal",19,200,"false_1",0,-0.240005266508901,0.171157288631517,0.160840677854572,FALSE,0.256338195682233,0.180697386561526,NA,0.0856802641508018
"VAST_Normal",19,200,"false_2",0,-0.093516140406946,0.185211804874878,0.61361883417834,FALSE,0.256338195682233,0.180697386561526,NA,0.0856802641508018
"VAST_Normal",19,200,"false_3",0,0.185666989047195,0.190059703301689,0.328624744951248,FALSE,0.256338195682233,0.180697386561526,NA,0.0856802641508018
"VAST_RSR",19,200,"real",1,1.22744900350907,0.069774833980019,0,TRUE,0.244633681406737,0.148974705405084,NA,0.0856802641508018
"VAST_RSR",19,200,"false_1",0,-0.283111414163592,0.0544687498093412,2.01785478326499e-07,TRUE,0.244633681406737,0.148974705405084,NA,0.0856802641508018
"VAST_RSR",19,200,"false_2",0,0.241142935748835,0.0970302442405095,0.0129466025518087,TRUE,0.244633681406737,0.148974705405084,NA,0.0856802641508018
"VAST_RSR",19,200,"false_3",0,0.104297751272143,0.09380173384562,0.266182966781786,FALSE,0.244633681406737,0.148974705405084,NA,0.0856802641508018
"VAST_Selected",19,200,"real",1,1.20084527848073,0.0655953323196163,0,TRUE,0.258448836207681,0.169421507711984,NA,0.0824845641204522
"Covariate_Only",20,200,"real",1,1.43423597566887,0.0728181499525487,2.9779223434051e-48,TRUE,0.245202045493979,0.146511834114166,NA,NA
"Covariate_Only",20,200,"false_1",0,-0.058331297178386,0.0975896949773505,0.550720386307528,FALSE,0.245202045493979,0.146511834114166,NA,NA
"Covariate_Only",20,200,"false_2",0,-0.302082321490266,0.158274981966569,0.057783459727895,FALSE,0.245202045493979,0.146511834114166,NA,NA
"Covariate_Only",20,200,"false_3",0,0.0145334158259928,0.0655703197854575,0.824821211653661,FALSE,0.245202045493979,0.146511834114166,NA,NA
"VAST_Normal",20,200,"real",1,1.38149001376007,0.150204572015542,0,TRUE,0.25013502175886,0.154790747784321,NA,0.0777340208515342
"VAST_Normal",20,200,"false_1",0,-0.032938068941612,0.15843734266514,0.835312246550193,FALSE,0.25013502175886,0.154790747784321,NA,0.0777340208515342
"VAST_Normal",20,200,"false_2",0,0.0315862893763405,0.199935928181187,0.874470936904933,FALSE,0.25013502175886,0.154790747784321,NA,0.0777340208515342
"VAST_Normal",20,200,"false_3",0,0.0588433571508877,0.183267636609988,0.748150657771928,FALSE,0.25013502175886,0.154790747784321,NA,0.0777340208515342
"VAST_RSR",20,200,"real",1,1.43423597566887,0.0598585116719934,0,TRUE,0.245202045493979,0.146511834114166,NA,0.0777340208515342
"VAST_RSR",20,200,"false_1",0,-0.0583312971783853,0.0802213994680536,0.467147002218092,FALSE,0.245202045493979,0.146511834114166,NA,0.0777340208515342
"VAST_RSR",20,200,"false_2",0,-0.302082321490268,0.130106365811328,0.0202431436025717,TRUE,0.245202045493979,0.146511834114166,NA,0.0777340208515342
"VAST_RSR",20,200,"false_3",0,0.0145334158259927,0.0539005969634193,0.787442093745207,FALSE,0.245202045493979,0.146511834114166,NA,0.0777340208515342
"VAST_Selected",20,200,"real",1,1.40743692657365,0.0553543821503354,0,TRUE,0.248674867700206,0.153601740749806,NA,0.0778783601017589
"Covariate_Only",21,200,"real",1,0.848894940394592,0.102254476423166,1.68568732711391e-14,TRUE,0.222626496160137,0.115076769720924,NA,NA
"Covariate_Only",21,200,"false_1",0,0.053257231358241,0.0949908505480143,0.575675386271571,FALSE,0.222626496160137,0.115076769720924,NA,NA
"Covariate_Only",21,200,"false_2",0,0.259531854142446,0.0555747059214523,5.59935703899271e-06,TRUE,0.222626496160137,0.115076769720924,NA,NA
"Covariate_Only",21,200,"false_3",0,-0.139242196253593,0.106236685500698,0.191507771367708,FALSE,0.222626496160137,0.115076769720924,NA,NA
"VAST_Normal",21,200,"real",1,0.968552193094506,0.137574369475407,1.9195756095769e-12,TRUE,0.241789887862484,0.158045241453489,NA,0.0982661933406405
"VAST_Normal",21,200,"false_1",0,0.119285169531311,0.13295163218583,0.369608332319252,FALSE,0.241789887862484,0.158045241453489,NA,0.0982661933406405
"VAST_Normal",21,200,"false_2",0,0.0201345109849688,0.147568251177959,0.891471853319474,FALSE,0.241789887862484,0.158045241453489,NA,0.0982661933406405
"VAST_Normal",21,200,"false_3",0,-0.0943039118402648,0.139901854151468,0.500265588889142,FALSE,0.241789887862484,0.158045241453489,NA,0.0982661933406405
"VAST_RSR",21,200,"real",1,0.84889494039459,0.0982115533372483,0,TRUE,0.222626496160137,0.115076769720924,NA,0.0982661933406405
"VAST_RSR",21,200,"false_1",0,0.0532572313582403,0.0912351156788409,0.559397869953247,FALSE,0.222626496160137,0.115076769720924,NA,0.0982661933406405
"VAST_RSR",21,200,"false_2",0,0.259531854142445,0.0533774010266219,1.16085438739422e-06,TRUE,0.222626496160137,0.115076769720924,NA,0.0982661933406405
"VAST_RSR",21,200,"false_3",0,-0.139242196253593,0.102036314393181,0.172368198021785,FALSE,0.222626496160137,0.115076769720924,NA,0.0982661933406405
"VAST_Selected",21,200,"real",1,0.677793143022835,0.0854679129417955,2.22044604925031e-15,TRUE,0.238153854939594,0.150732352403859,NA,0.100928626439687
"Covariate_Only",22,200,"real",1,1.2965101507417,0.114201579079458,2.93933319322544e-23,TRUE,0.22576612312181,0.132655641938545,NA,NA
"Covariate_Only",22,200,"false_1",0,0.0824567576587222,0.0690964081190303,0.234179025175704,FALSE,0.22576612312181,0.132655641938545,NA,NA
"Covariate_Only",22,200,"false_2",0,0.349113249475854,0.127891315733741,0.00691814237602632,TRUE,0.22576612312181,0.132655641938545,NA,NA
"Covariate_Only",22,200,"false_3",0,-0.471433748953501,0.0984491006114008,3.31563668586782e-06,TRUE,0.22576612312181,0.132655641938545,NA,NA
"VAST_Normal",22,200,"real",1,0.996175579813943,0.164627053574914,1.43855682921412e-09,TRUE,0.261084535839442,0.187014801770718,NA,0.0691935033370596
"VAST_Normal",22,200,"false_1",0,0.148962217679094,0.168875832455908,0.377732831578109,FALSE,0.261084535839442,0.187014801770718,NA,0.0691935033370596
"VAST_Normal",22,200,"false_2",0,-0.165380815661514,0.189442802462378,0.382670992583725,FALSE,0.261084535839442,0.187014801770718,NA,0.0691935033370596
"VAST_Normal",22,200,"false_3",0,-0.193001291179881,0.157799073126342,0.221298522510018,FALSE,0.261084535839442,0.187014801770718,NA,0.0691935033370596
"VAST_RSR",22,200,"real",1,1.2965101507417,0.0957939579962922,0,TRUE,0.22576612312181,0.132655641938545,NA,0.0691935033370596
"VAST_RSR",22,200,"false_1",0,0.0824567576587221,0.0579590796414802,0.154831271633294,FALSE,0.22576612312181,0.132655641938545,NA,0.0691935033370596
"VAST_RSR",22,200,"false_2",0,0.349113249475854,0.107277109705851,0.00113667128071215,TRUE,0.22576612312181,0.132655641938545,NA,0.0691935033370596
"VAST_RSR",22,200,"false_3",0,-0.471433748953501,0.082580548226743,1.13792366640553e-08,TRUE,0.22576612312181,0.132655641938545,NA,0.0691935033370596
"VAST_Selected",22,200,"real",1,1.61497379795361,0.0834101538032187,0,TRUE,0.248292307147586,0.167452716744863,NA,0.0680787651340553
"Covariate_Only",23,200,"real",1,1.33968541068625,0.117413013347047,1.98188092913738e-23,TRUE,0.25438694326756,0.167167808849502,NA,NA
"Covariate_Only",23,200,"false_1",0,0.0453367429207488,0.0941730127037441,0.630758038669483,FALSE,0.25438694326756,0.167167808849502,NA,NA
"Covariate_Only",23,200,"false_2",0,-0.142317453928589,0.0868220519914101,0.10278694904766,FALSE,0.25438694326756,0.167167808849502,NA,NA
"Covariate_Only",23,200,"false_3",0,-0.362322998981913,0.110188318689983,0.00119606343703199,TRUE,0.25438694326756,0.167167808849502,NA,NA
"VAST_Normal",23,200,"real",1,1.15064572684525,0.211324806481555,5.18299669849398e-08,TRUE,0.265879656982201,0.183853402634172,NA,0.100067092171204
"VAST_Normal",23,200,"false_1",0,-0.131124551856877,0.172758879975094,0.447850610948716,FALSE,0.265879656982201,0.183853402634172,NA,0.100067092171204
"VAST_Normal",23,200,"false_2",0,0.100298055465109,0.201323887736093,0.618348352359167,FALSE,0.265879656982201,0.183853402634172,NA,0.100067092171204
"VAST_Normal",23,200,"false_3",0,-0.167174331232648,0.215453090911368,0.437796308050296,FALSE,0.265879656982201,0.183853402634172,NA,0.100067092171204
"VAST_RSR",23,200,"real",1,1.33968541068625,0.0742442824563264,0,TRUE,0.25438694326756,0.167167808849502,NA,0.100067092171204
"VAST_RSR",23,200,"false_1",0,0.0453367429207486,0.0595488315615726,0.446455664343171,FALSE,0.25438694326756,0.167167808849502,NA,0.100067092171204
"VAST_RSR",23,200,"false_2",0,-0.142317453928589,0.054900566536309,0.00953430814096867,TRUE,0.25438694326756,0.167167808849502,NA,0.100067092171204
"VAST_RSR",23,200,"false_3",0,-0.362322998981913,0.0696758597961025,1.99157334290767e-07,TRUE,0.25438694326756,0.167167808849502,NA,0.100067092171204
"VAST_Selected",23,200,"real",1,1.50671944337731,0.0616393677210331,0,TRUE,0.265470895798372,0.182225653559915,NA,0.0952377589766016
"Covariate_Only",24,200,"real",1,1.32041384738522,0.116461594596984,3.26050534231692e-23,TRUE,0.242265979341071,0.124260414794511,NA,NA
"Covariate_Only",24,200,"false_1",0,0.003859620953953,0.0837731686577611,0.963299787347455,FALSE,0.242265979341071,0.124260414794511,NA,NA
"Covariate_Only",24,200,"false_2",0,-0.608552581771316,0.106365550389459,3.93129777778735e-08,TRUE,0.242265979341071,0.124260414794511,NA,NA
"Covariate_Only",24,200,"false_3",0,0.187786902471865,0.0947978794762478,0.0490060337016907,TRUE,0.242265979341071,0.124260414794511,NA,NA
"VAST_Normal",24,200,"real",1,1.07730377349724,0.22072280718396,1.05656604343363e-06,TRUE,0.250237843765491,0.138981985299402,NA,0.0787520970001458
"VAST_Normal",24,200,"false_1",0,-0.00526504849618074,0.164157238438474,0.974413673010497,FALSE,0.250237843765491,0.138981985299402,NA,0.0787520970001458
"VAST_Normal",24,200,"false_2",0,-0.359842136778971,0.217738385950438,0.0984051149464982,FALSE,0.250237843765491,0.138981985299402,NA,0.0787520970001458
"VAST_Normal",24,200,"false_3",0,0.083153577848374,0.183071444779265,0.649674946517185,FALSE,0.250237843765491,0.138981985299402,NA,0.0787520970001458
"VAST_RSR",24,200,"real",1,1.32041384738522,0.0945403298764761,0,TRUE,0.242265979341071,0.124260414794511,NA,0.0787520970001458
"VAST_RSR",24,200,"false_1",0,0.0038596209539525,0.0680047618024584,0.95474023560518,FALSE,0.242265979341071,0.124260414794511,NA,0.0787520970001458
"VAST_RSR",24,200,"false_2",0,-0.608552581771315,0.0863446379564926,1.81576975677444e-12,TRUE,0.242265979341071,0.124260414794511,NA,0.0787520970001458
"VAST_RSR",24,200,"false_3",0,0.187786902471865,0.076954319819239,0.0146775636138152,TRUE,0.242265979341071,0.124260414794511,NA,0.0787520970001458
"VAST_Selected",24,200,"real",1,1.25949786841776,0.0938547163484545,0,TRUE,0.273125340539784,0.184053328816448,NA,0.0796207785047782
"Covariate_Only",25,200,"real",1,1.22918436289978,0.106013924686331,5.5442594399602e-24,TRUE,0.265637153826731,0.174817750736581,NA,NA
"Covariate_Only",25,200,"false_1",0,0.340728435729506,0.0838885647946301,7.05464827515817e-05,TRUE,0.265637153826731,0.174817750736581,NA,NA
"Covariate_Only",25,200,"false_2",0,0.561366266598169,0.105762942601409,3.00304957806194e-07,TRUE,0.265637153826731,0.174817750736581,NA,NA
"Covariate_Only",25,200,"false_3",0,0.180540453150294,0.112713408193862,0.110826152161385,FALSE,0.265637153826731,0.174817750736581,NA,NA
"VAST_Normal",25,200,"real",1,1.12690256444666,0.189335572242339,2.65080057904044e-09,TRUE,0.283555842457122,0.208035311990787,NA,0.0986368532290961
"VAST_Normal",25,200,"false_1",0,0.299686239646556,0.206102205470194,0.145927968272334,FALSE,0.283555842457122,0.208035311990787,NA,0.0986368532290961
"VAST_Normal",25,200,"false_2",0,0.272770764329658,0.223693662645869,0.222694594108008,FALSE,0.283555842457122,0.208035311990787,NA,0.0986368532290961
"VAST_Normal",25,200,"false_3",0,-0.0993839081595767,0.231019387389378,0.667052152790704,FALSE,0.283555842457122,0.208035311990787,NA,0.0986368532290961
"VAST_RSR",25,200,"real",1,1.22918436289978,0.079638283204827,0,TRUE,0.265637153826731,0.174817750736581,NA,0.0986368532290961
"VAST_RSR",25,200,"false_1",0,0.340728435729506,0.0630175828366688,6.41324915395813e-08,TRUE,0.265637153826731,0.174817750736581,NA,0.0986368532290961
"VAST_RSR",25,200,"false_2",0,0.561366266598169,0.0794497439877621,1.59838808855284e-12,TRUE,0.265637153826731,0.174817750736581,NA,0.0986368532290961
"VAST_RSR",25,200,"false_3",0,0.180540453150294,0.0846709745845442,0.0329855551893469,TRUE,0.265637153826731,0.174817750736581,NA,0.0986368532290961
"VAST_Selected",25,200,"real",1,0.878066389398146,0.070807711283852,0,TRUE,0.329481717451906,0.278112828803091,NA,0.0948330871472145
"Covariate_Only",26,200,"real",1,1.05033616778994,0.0966390144561997,8.12862425539435e-22,TRUE,0.226401971918885,0.122947226468426,NA,NA
"Covariate_Only",26,200,"false_1",0,-0.13684758418982,0.110616740991808,0.217525569176401,FALSE,0.226401971918885,0.122947226468426,NA,NA
"Covariate_Only",26,200,"false_2",0,0.197843424344421,0.080545904167963,0.0149132452107324,TRUE,0.226401971918885,0.122947226468426,NA,NA
"Covariate_Only",26,200,"false_3",0,0.318628674866619,0.112808989191767,0.00522764573396684,TRUE,0.226401971918885,0.122947226468426,NA,NA
"VAST_Normal",26,200,"real",1,1.0005368137723,0.161504695845369,5.82501602508501e-10,TRUE,0.228676790528483,0.128633721921536,NA,0.0904624953335596
"VAST_Normal",26,200,"false_1",0,-0.194302318908541,0.170688235882508,0.254975914819813,FALSE,0.228676790528483,0.128633721921536,NA,0.0904624953335596
"VAST_Normal",26,200,"false_2",0,0.10899409569939,0.15805376397829,0.490444891569604,FALSE,0.228676790528483,0.128633721921536,NA,0.0904624953335596
"VAST_Normal",26,200,"false_3",0,0.237249390466307,0.183829701411581,0.196844722597471,FALSE,0.228676790528483,0.128633721921536,NA,0.0904624953335596
"VAST_RSR",26,200,"real",1,1.05033616778994,0.0776470063737749,0,TRUE,0.226401971918885,0.122947226468426,NA,0.0904624953335596
"VAST_RSR",26,200,"false_1",0,-0.13684758418982,0.0888777564751551,0.123626630366971,FALSE,0.226401971918885,0.122947226468426,NA,0.0904624953335596
"VAST_RSR",26,200,"false_2",0,0.197843424344421,0.0647165988757666,0.00223509175951364,TRUE,0.226401971918885,0.122947226468426,NA,0.0904624953335596
"VAST_RSR",26,200,"false_3",0,0.318628674866619,0.0906391725131081,0.000439170035728798,TRUE,0.226401971918885,0.122947226468426,NA,0.0904624953335596
"VAST_Selected",26,200,"real",1,1.01805903971132,0.0725489145626688,0,TRUE,0.238910632035277,0.147195338623463,NA,0.0885119766670353
"Covariate_Only",27,200,"real",1,1.42251080800842,0.0674333894294373,3.23640977672295e-52,TRUE,0.217661477577067,0.125781713477187,NA,NA
"Covariate_Only",27,200,"false_1",0,0.0246787170416092,0.106491244540477,0.816979788683194,FALSE,0.217661477577067,0.125781713477187,NA,NA
"Covariate_Only",27,200,"false_2",0,-0.0820621826147245,0.0832534722036139,0.325506300452546,FALSE,0.217661477577067,0.125781713477187,NA,NA
"Covariate_Only",27,200,"false_3",0,0.333927654089859,0.0932230777649409,0.000430534571664118,TRUE,0.217661477577067,0.125781713477187,NA,NA
"VAST_Normal",27,200,"real",1,1.44915382075491,0.117491198549688,0,TRUE,0.218329116719987,0.124369435637251,NA,0.0856195476129367
"VAST_Normal",27,200,"false_1",0,0.104807109356583,0.165187481038685,0.525771736841307,FALSE,0.218329116719987,0.124369435637251,NA,0.0856195476129367
"VAST_Normal",27,200,"false_2",0,-0.0983553437856071,0.136164836471022,0.470094332612982,FALSE,0.218329116719987,0.124369435637251,NA,0.0856195476129367
"VAST_Normal",27,200,"false_3",0,0.242625996902801,0.151702192353908,0.109741251730833,FALSE,0.218329116719987,0.124369435637251,NA,0.0856195476129367
"VAST_RSR",27,200,"real",1,1.42251080800842,0.0547687936186748,0,TRUE,0.217661477577067,0.125781713477187,NA,0.0856195476129367
"VAST_RSR",27,200,"false_1",0,0.0246787170416092,0.0864912329601388,0.77538979396742,FALSE,0.217661477577067,0.125781713477187,NA,0.0856195476129367
"VAST_RSR",27,200,"false_2",0,-0.0820621826147245,0.0676177228482502,0.224893081916198,FALSE,0.217661477577067,0.125781713477187,NA,0.0856195476129367
"VAST_RSR",27,200,"false_3",0,0.333927654089858,0.0757149469988956,1.03214769490156e-05,TRUE,0.217661477577067,0.125781713477187,NA,0.0856195476129367
"VAST_Selected",27,200,"real",1,1.41566433576497,0.0365475495606895,0,TRUE,0.226086024560653,0.135304540596796,NA,0.0870293483887677
"Covariate_Only",28,200,"real",1,0.90808279303225,0.0868654985935368,1.36003508688788e-20,TRUE,0.224265368719783,0.136966297655116,NA,NA
"Covariate_Only",28,200,"false_1",0,0.20799683165809,0.0774004650712471,0.00782596781861543,TRUE,0.224265368719783,0.136966297655116,NA,NA
"Covariate_Only",28,200,"false_2",0,-0.0854700600773001,0.0625510290755106,0.173385308931278,FALSE,0.224265368719783,0.136966297655116,NA,NA
"Covariate_Only",28,200,"false_3",0,0.159404909361452,0.131346388593193,0.226359891796499,FALSE,0.224265368719783,0.136966297655116,NA,NA
"VAST_Normal",28,200,"real",1,1.04812293185277,0.164784585669157,2.01014094258767e-10,TRUE,0.226780710882511,0.142880908543005,NA,0.0910218146206147
"VAST_Normal",28,200,"false_1",0,0.269564305588534,0.154661873245134,0.0813464225918366,FALSE,0.226780710882511,0.142880908543005,NA,0.0910218146206147
"VAST_Normal",28,200,"false_2",0,-0.0160699362984296,0.134191455691939,0.904678183380126,FALSE,0.226780710882511,0.142880908543005,NA,0.0910218146206147
"VAST_Normal",28,200,"false_3",0,0.0933520641889025,0.185512850646809,0.614816094382541,FALSE,0.226780710882511,0.142880908543005,NA,0.0910218146206147
"VAST_RSR",28,200,"real",1,0.90808279303225,0.0750827296933243,0,TRUE,0.224265368719783,0.136966297655116,NA,0.0910218146206147
"VAST_RSR",28,200,"false_1",0,0.20799683165809,0.0669015695664752,0.00187723125055717,TRUE,0.224265368719783,0.136966297655116,NA,0.0910218146206147
"VAST_RSR",28,200,"false_2",0,-0.0854700600773,0.0540663679384588,0.113915544027297,FALSE,0.224265368719783,0.136966297655116,NA,0.0910218146206147
"VAST_RSR",28,200,"false_3",0,0.159404909361452,0.113530061423844,0.160296023199842,FALSE,0.224265368719783,0.136966297655116,NA,0.0910218146206147
"VAST_Selected",28,200,"real",1,0.866842675418087,0.0683456765505439,0,TRUE,0.232118823443064,0.148142780551865,NA,0.0906314126864577
"Covariate_Only",29,200,"real",1,1.19117570214918,0.151137111137019,2.23257786538094e-13,TRUE,0.229241109165972,0.108398373280786,NA,NA
"Covariate_Only",29,200,"false_1",0,0.219960876920306,0.138882700299217,0.114862212625405,FALSE,0.229241109165972,0.108398373280786,NA,NA
"Covariate_Only",29,200,"false_2",0,-0.442270649163391,0.136745612813887,0.00143246166508989,TRUE,0.229241109165972,0.108398373280786,NA,NA
"Covariate_Only",29,200,"false_3",0,-0.260766939254132,0.10550228464507,0.0143054817081833,TRUE,0.229241109165972,0.108398373280786,NA,NA
"VAST_Normal",29,200,"real",1,1.20089938692593,0.197802097392707,1.26944788014782e-09,TRUE,0.23068547029662,0.11133609677573,NA,0.0807490355376855
"VAST_Normal",29,200,"false_1",0,0.255980400654809,0.179064255652003,0.152847667850444,FALSE,0.23068547029662,0.11133609677573,NA,0.0807490355376855
"VAST_Normal",29,200,"false_2",0,-0.272394661462338,0.238477333172714,0.25336069927334,FALSE,0.23068547029662,0.11133609677573,NA,0.0807490355376855
"VAST_Normal",29,200,"false_3",0,-0.19496260343058,0.157495965059813,0.21575703148526,FALSE,0.23068547029662,0.11133609677573,NA,0.0807490355376855
"VAST_RSR",29,200,"real",1,1.19117570214918,0.125076068003036,0,TRUE,0.229241109165972,0.108398373280786,NA,0.0807490355376855
"VAST_RSR",29,200,"false_1",0,0.219960876920306,0.114934723420258,0.0556470464927651,FALSE,0.229241109165972,0.108398373280786,NA,0.0807490355376855
"VAST_RSR",29,200,"false_2",0,-0.442270649163391,0.113166140590848,9.30042096621841e-05,TRUE,0.229241109165972,0.108398373280786,NA,0.0807490355376855
"VAST_RSR",29,200,"false_3",0,-0.260766939254133,0.0873101968766576,0.00282031936743987,TRUE,0.229241109165972,0.108398373280786,NA,0.0807490355376855
"VAST_Selected",29,200,"real",1,0.904819526437848,0.085818360630613,0,TRUE,0.23639932355677,0.108474546671892,NA,0.0734395619676682
"Covariate_Only",30,200,"real",1,0.688513505779711,0.104524349751529,4.07097062332758e-10,TRUE,0.268179966378184,0.178261117254103,NA,NA
"Covariate_Only",30,200,"false_1",0,-0.573744619934413,0.127139623471019,1.10502241351099e-05,TRUE,0.268179966378184,0.178261117254103,NA,NA
"Covariate_Only",30,200,"false_2",0,0.153042663718356,0.0995337828280086,0.125768664824069,FALSE,0.268179966378184,0.178261117254103,NA,NA
"Covariate_Only",30,200,"false_3",0,0.0178296059239058,0.150773155971588,0.905987722495775,FALSE,0.268179966378184,0.178261117254103,NA,NA
"VAST_Normal",30,200,"real",1,1.21930815304747,0.201327610363567,1.39254829889524e-09,TRUE,0.302044395277629,0.230418945317449,NA,0.0773057682583808
"VAST_Normal",30,200,"false_1",0,0.17956831307484,0.201700238567551,0.37331921785194,FALSE,0.302044395277629,0.230418945317449,NA,0.0773057682583808
"VAST_Normal",30,200,"false_2",0,0.10778287992198,0.20230135215991,0.594183260271257,FALSE,0.302044395277629,0.230418945317449,NA,0.0773057682583808
"VAST_Normal",30,200,"false_3",0,0.110668797046424,0.211450916646124,0.600711101811324,FALSE,0.302044395277629,0.230418945317449,NA,0.0773057682583808
"VAST_RSR",30,200,"real",1,0.68851350577971,0.0782861700058779,0,TRUE,0.268179966378184,0.178261117254103,NA,0.0773057682583808
"VAST_RSR",30,200,"false_1",0,-0.573744619934413,0.0952244544089112,1.68919966903047e-09,TRUE,0.268179966378184,0.178261117254103,NA,0.0773057682583808
"VAST_RSR",30,200,"false_2",0,0.153042663718356,0.0745483579885908,0.040079232748044,TRUE,0.268179966378184,0.178261117254103,NA,0.0773057682583808
"VAST_RSR",30,200,"false_3",0,0.017829605923906,0.112925389622353,0.874544760940433,FALSE,0.268179966378184,0.178261117254103,NA,0.0773057682583808
"VAST_Selected",30,200,"real",1,0.797363759272592,0.058486608843195,0,TRUE,0.282863257805689,0.20135950943668,NA,0.0766675459342117
"Covariate_Only",31,200,"real",1,0.953020651420594,0.0841605440703072,3.58843503439553e-23,TRUE,0.216727640758016,0.121109687917308,NA,NA
"Covariate_Only",31,200,"false_1",0,0.347241475844758,0.121365085745706,0.00468175003178413,TRUE,0.216727640758016,0.121109687917308,NA,NA
"Covariate_Only",31,200,"false_2",0,0.360582578086881,0.100140139305755,0.000402446589788147,TRUE,0.216727640758016,0.121109687917308,NA,NA
"Covariate_Only",31,200,"false_3",0,0.0512505824938494,0.11378433486906,0.652909002026199,FALSE,0.216727640758016,0.121109687917308,NA,NA
"VAST_Normal",31,200,"real",1,0.971797394984238,0.12828189159148,3.574918139293e-14,TRUE,0.218344554365897,0.123501521203778,NA,0.0855420121923337
"VAST_Normal",31,200,"false_1",0,0.375850541377624,0.161748253883241,0.0201428637908166,TRUE,0.218344554365897,0.123501521203778,NA,0.0855420121923337
"VAST_Normal",31,200,"false_2",0,0.248754586843344,0.171803189921876,0.147643801601278,FALSE,0.218344554365897,0.123501521203778,NA,0.0855420121923337
"VAST_Normal",31,200,"false_3",0,0.0887703675963043,0.155108184483921,0.56711021831978,FALSE,0.218344554365897,0.123501521203778,NA,0.0855420121923337
"VAST_RSR",31,200,"real",1,0.953020651420595,0.0703717891899736,0,TRUE,0.216727640758016,0.121109687917308,NA,0.0855420121923337
"VAST_RSR",31,200,"false_1",0,0.347241475844759,0.101480786792265,0.000622204111113467,TRUE,0.216727640758016,0.121109687917308,NA,0.0855420121923337
"VAST_RSR",31,200,"false_2",0,0.360582578086881,0.0837333081733897,1.65991462784953e-05,TRUE,0.216727640758016,0.121109687917308,NA,0.0855420121923337
"VAST_RSR",31,200,"false_3",0,0.0512505824938491,0.0951420563516982,0.590111596241262,FALSE,0.216727640758016,0.121109687917308,NA,0.0855420121923337
"VAST_Selected",31,200,"real",1,0.741654199316429,0.0577560990522243,0,TRUE,0.225842171752368,0.13739990186352,NA,0.0799504403049877
"VAST_Selected",31,200,"false_1",0,0.732381007779447,0.0662359063845205,0,TRUE,0.225842171752368,0.13739990186352,NA,0.0799504403049877
"Covariate_Only",32,200,"real",1,0.69831860744907,0.112502876619778,3.17973346195391e-09,TRUE,0.247147278718342,0.155542504409579,NA,NA
"Covariate_Only",32,200,"false_1",0,0.187899695261081,0.102932833032325,0.0694614894894325,FALSE,0.247147278718342,0.155542504409579,NA,NA
"Covariate_Only",32,200,"false_2",0,0.321772837317699,0.102410117559689,0.00193958637629829,TRUE,0.247147278718342,0.155542504409579,NA,NA
"Covariate_Only",32,200,"false_3",0,-0.233120342312946,0.117128411421928,0.0479551040424127,TRUE,0.247147278718342,0.155542504409579,NA,NA
"VAST_Normal",32,200,"real",1,1.04990956340769,0.199940547864053,1.51186368979594e-07,TRUE,0.265472450481303,0.188991157438579,NA,0.0759059378634805
"VAST_Normal",32,200,"false_1",0,0.0690621143547399,0.175606044717287,0.69411365939085,FALSE,0.265472450481303,0.188991157438579,NA,0.0759059378634805
"VAST_Normal",32,200,"false_2",0,0.0289265625632973,0.218069415243502,0.894471440097793,FALSE,0.265472450481303,0.188991157438579,NA,0.0759059378634805
"VAST_Normal",32,200,"false_3",0,0.00146443075149935,0.196619000478266,0.994057360269179,FALSE,0.265472450481303,0.188991157438579,NA,0.0759059378634805
"VAST_RSR",32,200,"real",1,0.69831860744907,0.0858694952361913,4.44089209850063e-16,TRUE,0.247147278718342,0.155542504409579,NA,0.0759059378634805
"VAST_RSR",32,200,"false_1",0,0.187899695261081,0.0785650170136456,0.016773019200316,TRUE,0.247147278718342,0.155542504409579,NA,0.0759059378634805
"VAST_RSR",32,200,"false_2",0,0.3217728373177,0.0781660466483003,3.84620111658629e-05,TRUE,0.247147278718342,0.155542504409579,NA,0.0759059378634805
"VAST_RSR",32,200,"false_3",0,-0.233120342312946,0.0894000035271078,0.00911767727029966,TRUE,0.247147278718342,0.155542504409579,NA,0.0759059378634805
"VAST_Selected",32,200,"real",1,0.823088875174377,0.0834133711080218,0,TRUE,0.265971711728526,0.189409849106022,NA,0.0753786465866912
"Covariate_Only",33,200,"real",1,0.288801635724343,0.0756763037661489,0.000181842228330991,TRUE,0.261735306059013,0.16223133161365,NA,NA
"Covariate_Only",33,200,"false_1",0,-0.0831924944402879,0.121595125645531,0.494676171344808,FALSE,0.261735306059013,0.16223133161365,NA,NA
"Covariate_Only",33,200,"false_2",0,-0.130821956230599,0.0843332332584177,0.122463155701922,FALSE,0.261735306059013,0.16223133161365,NA,NA
"Covariate_Only",33,200,"false_3",0,-0.168013992236073,0.127890440736521,0.190479309666679,FALSE,0.261735306059013,0.16223133161365,NA,NA
"VAST_Normal",33,200,"real",1,0.858514132188028,0.144416123152744,2.76921419128939e-09,TRUE,0.307218361076641,0.22296949268813,NA,0.0862107564618311
"VAST_Normal",33,200,"false_1",0,-0.0585731301408191,0.14439111354327,0.684995332314097,FALSE,0.307218361076641,0.22296949268813,NA,0.0862107564618311
"VAST_Normal",33,200,"false_2",0,-0.108579340286855,0.116895444559971,0.352962364851447,FALSE,0.307218361076641,0.22296949268813,NA,0.0862107564618311
"VAST_Normal",33,200,"false_3",0,-0.0853837632020911,0.157499461091176,0.587735162277632,FALSE,0.307218361076641,0.22296949268813,NA,0.0862107564618311
"VAST_RSR",33,200,"real",1,0.288801635724342,0.0631795793542798,4.85117145365699e-06,TRUE,0.261735306059013,0.16223133161365,NA,0.0862107564618311
"VAST_RSR",33,200,"false_1",0,-0.0831924944402877,0.101515646344926,0.412498829737814,FALSE,0.261735306059013,0.16223133161365,NA,0.0862107564618311
"VAST_RSR",33,200,"false_2",0,-0.130821956230599,0.0704069561763736,0.0631572530167456,FALSE,0.261735306059013,0.16223133161365,NA,0.0862107564618311
"VAST_RSR",33,200,"false_3",0,-0.168013992236073,0.106771391400609,0.115583136641682,FALSE,0.261735306059013,0.16223133161365,NA,0.0862107564618311
"VAST_Selected",33,200,"real",1,0.356588220798532,0.0536708939366905,3.05329095340312e-11,TRUE,0.264167524510725,0.166467310368413,NA,0.0864064056676798
"Covariate_Only",34,200,"real",1,1.15821893346006,0.158830697099436,7.45607936083634e-12,TRUE,0.269807965426094,0.165415953767107,NA,NA
"Covariate_Only",34,200,"false_1",0,-0.151524476050009,0.135689351677112,0.265496136690077,FALSE,0.269807965426094,0.165415953767107,NA,NA
"Covariate_Only",34,200,"false_2",0,0.176984907717493,0.162929297058291,0.278701345372118,FALSE,0.269807965426094,0.165415953767107,NA,NA
"Covariate_Only",34,200,"false_3",0,0.289420832559276,0.1198197678448,0.0166374701992554,TRUE,0.269807965426094,0.165415953767107,NA,NA
"VAST_Normal",34,200,"real",1,0.924543514442892,0.211547188023065,1.24025360012103e-05,TRUE,0.27613631636446,0.171775345036286,NA,0.0854664061033278
"VAST_Normal",34,200,"false_1",0,-0.0585793623130278,0.187292337575557,0.754455661156211,FALSE,0.27613631636446,0.171775345036286,NA,0.0854664061033278
"VAST_Normal",34,200,"false_2",0,0.104414738156609,0.237983632069132,0.660844460683757,FALSE,0.27613631636446,0.171775345036286,NA,0.0854664061033278
"VAST_Normal",34,200,"false_3",0,0.0772600835328881,0.201026040803507,0.700734814510807,FALSE,0.27613631636446,0.171775345036286,NA,0.0854664061033278
"VAST_RSR",34,200,"real",1,1.15821893346006,0.120914571418971,0,TRUE,0.269807965426094,0.165415953767107,NA,0.0854664061033278
"VAST_RSR",34,200,"false_1",0,-0.15152447605001,0.103297536960909,0.142410321847346,FALSE,0.269807965426094,0.165415953767107,NA,0.0854664061033278
"VAST_RSR",34,200,"false_2",0,0.176984907717492,0.124034752004293,0.153609371444968,FALSE,0.269807965426094,0.165415953767107,NA,0.0854664061033278
"VAST_RSR",34,200,"false_3",0,0.289420832559276,0.0912163463427,0.00150921721731478,TRUE,0.269807965426094,0.165415953767107,NA,0.0854664061033278
"VAST_Selected",34,200,"real",1,0.972241522668367,0.092841363407732,0,TRUE,0.284005774667068,0.180704389206545,NA,0.0844040675560259
"Covariate_Only",35,200,"real",1,0.719406443930918,0.0957299111925477,2.01174316190715e-12,TRUE,0.23149943207816,0.146851906627852,NA,NA
"Covariate_Only",35,200,"false_1",0,0.44425467047442,0.108635452766827,6.32125979738832e-05,TRUE,0.23149943207816,0.146851906627852,NA,NA
"Covariate_Only",35,200,"false_2",0,0.0413351516343353,0.110205609687298,0.7080137836337,FALSE,0.23149943207816,0.146851906627852,NA,NA
"Covariate_Only",35,200,"false_3",0,-0.203665667651986,0.0891336270409017,0.0233921048536465,TRUE,0.23149943207816,0.146851906627852,NA,NA
"VAST_Normal",35,200,"real",1,0.675948551954533,0.168923748554982,6.29419241258145e-05,TRUE,0.239898032366329,0.156871315583501,NA,0.0832022859040492
"VAST_Normal",35,200,"false_1",0,0.178535623649757,0.159308885081456,0.262420510549655,FALSE,0.239898032366329,0.156871315583501,NA,0.0832022859040492
"VAST_Normal",35,200,"false_2",0,0.124262531844337,0.155930693459166,0.425504036825591,FALSE,0.239898032366329,0.156871315583501,NA,0.0832022859040492
"VAST_Normal",35,200,"false_3",0,-0.0217202449768028,0.136348381278322,0.873432822145494,FALSE,0.239898032366329,0.156871315583501,NA,0.0832022859040492
"VAST_RSR",35,200,"real",1,0.719406443930918,0.0787064062391881,0,TRUE,0.23149943207816,0.146851906627852,NA,0.0832022859040492
"VAST_RSR",35,200,"false_1",0,0.44425467047442,0.0893169749238167,6.56154941269804e-07,TRUE,0.23149943207816,0.146851906627852,NA,0.0832022859040492
"VAST_RSR",35,200,"false_2",0,0.0413351516343351,0.0906079132199289,0.648247580953986,FALSE,0.23149943207816,0.146851906627852,NA,0.0832022859040492
"VAST_RSR",35,200,"false_3",0,-0.203665667651986,0.07328312929637,0.00544993849542008,TRUE,0.23149943207816,0.146851906627852,NA,0.0832022859040492
"VAST_Selected",35,200,"real",1,0.724629497570263,0.0570378907104256,0,TRUE,0.24490530934494,0.160228402026561,NA,0.0807669658600361
"Covariate_Only",36,200,"real",1,0.81709252968184,0.121513426355627,1.90384980557743e-10,TRUE,0.258571672507644,0.160252093639702,NA,NA
"Covariate_Only",36,200,"false_1",0,0.0148415336735763,0.128664569297767,0.908285938150837,FALSE,0.258571672507644,0.160252093639702,NA,NA
"Covariate_Only",36,200,"false_2",0,0.0644976211011423,0.102943358782003,0.531696834022479,FALSE,0.258571672507644,0.160252093639702,NA,NA
"Covariate_Only",36,200,"false_3",0,0.1835077926927,0.135504724378159,0.177222638115412,FALSE,0.258571672507644,0.160252093639702,NA,NA
"VAST_Normal",36,200,"real",1,0.819854815204543,0.191688550168159,1.89415996281195e-05,TRUE,0.28689395206622,0.20704819249633,NA,0.0750671338362404
"VAST_Normal",36,200,"false_1",0,0.0129436749124186,0.207697526390605,0.950308135669741,FALSE,0.28689395206622,0.20704819249633,NA,0.0750671338362404
"VAST_Normal",36,200,"false_2",0,-0.0112191884577487,0.177592874762837,0.94962823453161,FALSE,0.28689395206622,0.20704819249633,NA,0.0750671338362404
"VAST_Normal",36,200,"false_3",0,-0.376133330819209,0.263998395724517,0.154227709595744,FALSE,0.28689395206622,0.20704819249633,NA,0.0750671338362404
"VAST_RSR",36,200,"real",1,0.817092529681839,0.0916895580879648,0,TRUE,0.258571672507644,0.160252093639702,NA,0.0750671338362404
"VAST_RSR",36,200,"false_1",0,0.0148415336735755,0.0970855472872963,0.878500257734057,FALSE,0.258571672507644,0.160252093639702,NA,0.0750671338362404
"VAST_RSR",36,200,"false_2",0,0.0644976211011419,0.077677268742209,0.40635328927364,FALSE,0.258571672507644,0.160252093639702,NA,0.0750671338362404
"VAST_RSR",36,200,"false_3",0,0.183507792692698,0.102246876494974,0.0726932112369513,FALSE,0.258571672507644,0.160252093639702,NA,0.0750671338362404
"VAST_Selected",36,200,"real",1,0.791731516242883,0.0791015296957604,0,TRUE,0.261528493508944,0.166509789956491,NA,0.0750327572221389
"Covariate_Only",37,200,"real",1,1.15439224753113,0.180256636629388,1.10542183607383e-09,TRUE,0.262663994907178,0.160578283819174,NA,NA
"Covariate_Only",37,200,"false_1",0,-0.20514678888475,0.149617149039335,0.171905686246048,FALSE,0.262663994907178,0.160578283819174,NA,NA
"Covariate_Only",37,200,"false_2",0,0.267003368115358,0.116086516383322,0.0225045322654116,TRUE,0.262663994907178,0.160578283819174,NA,NA
"Covariate_Only",37,200,"false_3",0,-0.130057697578453,0.109156133780789,0.234912105541172,FALSE,0.262663994907178,0.160578283819174,NA,NA
"VAST_Normal",37,200,"real",1,1.17258116939421,0.244012902512863,1.54437457833279e-06,TRUE,0.269932247224529,0.178209788357975,NA,0.0814119567020627
"VAST_Normal",37,200,"false_1",0,0.176030519568291,0.217657185758283,0.418658246399147,FALSE,0.269932247224529,0.178209788357975,NA,0.0814119567020627
"VAST_Normal",37,200,"false_2",0,0.0387538904623147,0.18909406887983,0.837615069511472,FALSE,0.269932247224529,0.178209788357975,NA,0.0814119567020627
"VAST_Normal",37,200,"false_3",0,-0.0811275255623368,0.209326067238193,0.698337732648813,FALSE,0.269932247224529,0.178209788357975,NA,0.0814119567020627
"VAST_RSR",37,200,"real",1,1.15439224753112,0.122722239002207,0,TRUE,0.262663994907178,0.160578283819174,NA,0.0814119567020627
"VAST_RSR",37,200,"false_1",0,-0.205146788884751,0.101862277398337,0.044013489279625,TRUE,0.262663994907178,0.160578283819174,NA,0.0814119567020627
"VAST_RSR",37,200,"false_2",0,0.267003368115358,0.0790339677635202,0.000729256828315705,TRUE,0.262663994907178,0.160578283819174,NA,0.0814119567020627
"VAST_RSR",37,200,"false_3",0,-0.130057697578453,0.0743156279230102,0.0801058952475742,FALSE,0.262663994907178,0.160578283819174,NA,0.0814119567020627
"VAST_Selected",37,200,"real",1,0.936014696518996,0.0765412685184356,0,TRUE,0.266680597146984,0.168975110197356,NA,0.080944615811759
"Covariate_Only",38,200,"real",1,0.2516514789147,0.118763407017758,0.0353619131009967,TRUE,0.257647235947212,0.151145840328436,NA,NA
"Covariate_Only",38,200,"false_1",0,-0.373574493153712,0.136646383492639,0.00683553003240271,TRUE,0.257647235947212,0.151145840328436,NA,NA
"Covariate_Only",38,200,"false_2",0,0.212704150948694,0.114601546334802,0.06495780781966,FALSE,0.257647235947212,0.151145840328436,NA,NA
"Covariate_Only",38,200,"false_3",0,0.176042302219781,0.127508615937481,0.168972990838183,FALSE,0.257647235947212,0.151145840328436,NA,NA
"VAST_Normal",38,200,"real",1,0.939902478213828,0.22004376477197,1.94219773376192e-05,TRUE,0.286329221866156,0.188129540409555,NA,0.0777420054980351
"VAST_Normal",38,200,"false_1",0,-0.0402668242504889,0.19304074390632,0.834766475615382,FALSE,0.286329221866156,0.188129540409555,NA,0.0777420054980351
"VAST_Normal",38,200,"false_2",0,0.0998246793827572,0.18445624907142,0.588381105751619,FALSE,0.286329221866156,0.188129540409555,NA,0.0777420054980351
"VAST_Normal",38,200,"false_3",0,0.0368992572747397,0.192760504491735,0.848192319252055,FALSE,0.286329221866156,0.188129540409555,NA,0.0777420054980351
"VAST_RSR",38,200,"real",1,0.251651478914699,0.102075089166044,0.0136877011149416,TRUE,0.257647235947212,0.151145840328436,NA,0.0777420054980351
"VAST_RSR",38,200,"false_1",0,-0.373574493153712,0.117445197384266,0.00146848227593499,TRUE,0.257647235947212,0.151145840328436,NA,0.0777420054980351
"VAST_RSR",38,200,"false_2",0,0.212704150948694,0.0984980420689882,0.0308132627818722,TRUE,0.257647235947212,0.151145840328436,NA,0.0777420054980351
"VAST_RSR",38,200,"false_3",0,0.17604230221978,0.109591444604744,0.108196859510344,FALSE,0.257647235947212,0.151145840328436,NA,0.0777420054980351
"VAST_Selected",38,200,"real",1,0.242663911438391,0.0970441420624752,0.0123999971143358,TRUE,0.266565913392729,0.167231264073945,NA,0.0843709262478205
"Covariate_Only",39,200,"real",1,0.968392139992433,0.133899405156238,1.05674445038273e-11,TRUE,0.242266824582438,0.172334359832021,NA,NA
"Covariate_Only",39,200,"false_1",0,-0.310890975070816,0.117113965151176,0.00859601474981577,TRUE,0.242266824582438,0.172334359832021,NA,NA
"Covariate_Only",39,200,"false_2",0,-0.655517686957585,0.0681008038561373,3.43834285254566e-18,TRUE,0.242266824582438,0.172334359832021,NA,NA
"Covariate_Only",39,200,"false_3",0,0.242322439006812,0.0943163961345771,0.0109389943944821,TRUE,0.242266824582438,0.172334359832021,NA,NA
"VAST_Normal",39,200,"real",1,0.889516116365804,0.186576052243202,1.86452655681624e-06,TRUE,0.276322167650011,0.221228979875229,NA,0.0733673704418816
"VAST_Normal",39,200,"false_1",0,0.000566348803528119,0.198483717176058,0.997723337916027,FALSE,0.276322167650011,0.221228979875229,NA,0.0733673704418816
"VAST_Normal",39,200,"false_2",0,-0.183477531157926,0.211565918630277,0.38581284415875,FALSE,0.276322167650011,0.221228979875229,NA,0.0733673704418816
"VAST_Normal",39,200,"false_3",0,0.0309270646352399,0.180284801229744,0.863794777156421,FALSE,0.276322167650011,0.221228979875229,NA,0.0733673704418816
"VAST_RSR",39,200,"real",1,0.968392139992433,0.105396342633597,0,TRUE,0.242266824582438,0.172334359832021,NA,0.0733673704418816
"VAST_RSR",39,200,"false_1",0,-0.310890975070817,0.0921840062235515,0.000744878714528108,TRUE,0.242266824582438,0.172334359832021,NA,0.0733673704418816
"VAST_RSR",39,200,"false_2",0,-0.655517686957585,0.0536042385585643,0,TRUE,0.242266824582438,0.172334359832021,NA,0.0733673704418816
"VAST_RSR",39,200,"false_3",0,0.242322439006812,0.0742393380416211,0.00109823804151266,TRUE,0.242266824582438,0.172334359832021,NA,0.0733673704418816
"VAST_Selected",39,200,"real",1,0.985138501345019,0.091736529243615,0,TRUE,0.301173662698774,0.25235491083186,NA,0.0726702624272
"Covariate_Only",40,200,"real",1,1.39974462035804,0.180894503480492,5.31418582030694e-13,TRUE,0.265771447255464,0.155417388448247,NA,NA
"Covariate_Only",40,200,"false_1",0,-0.326496057747177,0.093015255818289,0.000556236678534879,TRUE,0.265771447255464,0.155417388448247,NA,NA
"Covariate_Only",40,200,"false_2",0,0.120685371574678,0.113146249311481,0.287456998167708,FALSE,0.265771447255464,0.155417388448247,NA,NA
"Covariate_Only",40,200,"false_3",0,-0.349314827913309,0.119117499942424,0.00376463850873758,TRUE,0.265771447255464,0.155417388448247,NA,NA
"VAST_Normal",40,200,"real",1,1.23613274504068,0.239737872229028,2.52032325009921e-07,TRUE,0.293872151891741,0.191061327357731,NA,0.0774650282718348
"VAST_Normal",40,200,"false_1",0,0.00212139264276659,0.185847048413274,0.990892566251745,FALSE,0.293872151891741,0.191061327357731,NA,0.0774650282718348
"VAST_Normal",40,200,"false_2",0,-0.0200944974010606,0.177145941906267,0.909685927824014,FALSE,0.293872151891741,0.191061327357731,NA,0.0774650282718348
"VAST_Normal",40,200,"false_3",0,-0.117962785669223,0.191900228172221,0.538746955356778,FALSE,0.293872151891741,0.191061327357731,NA,0.0774650282718348
"VAST_RSR",40,200,"real",1,1.39974462035804,0.14577705550692,0,TRUE,0.265771447255464,0.155417388448247,NA,0.0774650282718348
"VAST_RSR",40,200,"false_1",0,-0.326496057747179,0.0749579995495842,1.32630229974229e-05,TRUE,0.265771447255464,0.155417388448247,NA,0.0774650282718348
"VAST_RSR",40,200,"false_2",0,0.120685371574677,0.0911809189827495,0.185642094266284,FALSE,0.265771447255464,0.155417388448247,NA,0.0774650282718348
"VAST_RSR",40,200,"false_3",0,-0.34931482791331,0.0959929575904709,0.000273738044373917,TRUE,0.265771447255464,0.155417388448247,NA,0.0774650282718348
"VAST_Selected",40,200,"real",1,1.5860738644884,0.110123324935761,0,TRUE,0.288964309647216,0.189731539433446,NA,0.0775868854308366
"Covariate_Only",41,200,"real",1,0.477736378112081,0.0986723146650518,2.6151722138839e-06,TRUE,0.260178468816301,0.176149409793003,NA,NA
"Covariate_Only",41,200,"false_1",0,0.125533871762647,0.100866695945903,0.214790124424455,FALSE,0.260178468816301,0.176149409793003,NA,NA
"Covariate_Only",41,200,"false_2",0,0.0578326436300453,0.166626692206304,0.728906176291021,FALSE,0.260178468816301,0.176149409793003,NA,NA
"Covariate_Only",41,200,"false_3",0,0.597549631291134,0.144287455305009,5.13799559920052e-05,TRUE,0.260178468816301,0.176149409793003,NA,NA
"VAST_Normal",41,200,"real",1,0.771254747234782,0.202944725161981,0.000144509788410407,TRUE,0.268499024511248,0.189555559208835,NA,0.0794932207352777
"VAST_Normal",41,200,"false_1",0,0.00281900204203403,0.173006643593398,0.986999697615598,FALSE,0.268499024511248,0.189555559208835,NA,0.0794932207352777
"VAST_Normal",41,200,"false_2",0,0.179383088945718,0.209061265545251,0.39086995211033,FALSE,0.268499024511248,0.189555559208835,NA,0.0794932207352777
"VAST_Normal",41,200,"false_3",0,0.393038679642504,0.223786853124519,0.0790358021249545,FALSE,0.268499024511248,0.189555559208835,NA,0.0794932207352777
"VAST_RSR",41,200,"real",1,0.477736378112081,0.0698800392752577,8.11395395317049e-12,TRUE,0.260178468816301,0.176149409793003,NA,0.0794932207352777
"VAST_RSR",41,200,"false_1",0,0.125533871762647,0.0714341069041697,0.0788602114828062,FALSE,0.260178468816301,0.176149409793003,NA,0.0794932207352777
"VAST_RSR",41,200,"false_2",0,0.0578326436300451,0.118005540208604,0.624074360866221,FALSE,0.260178468816301,0.176149409793003,NA,0.0794932207352777
"VAST_RSR",41,200,"false_3",0,0.597549631291134,0.102184823350579,4.98315577690533e-09,TRUE,0.260178468816301,0.176149409793003,NA,0.0794932207352777
"VAST_Selected",41,200,"real",1,0.565810762645181,0.0681637548098487,1.11022302462516e-16,TRUE,0.271712687576589,0.190216110196399,NA,0.0771734020109242
"Covariate_Only",42,200,"real",1,1.17313634558278,0.118454093205223,5.45094981653814e-19,TRUE,0.271274407833119,0.182669763378889,NA,NA
"Covariate_Only",42,200,"false_1",0,-0.670070489748328,0.106789498753103,2.21840370596691e-09,TRUE,0.271274407833119,0.182669763378889,NA,NA
"Covariate_Only",42,200,"false_2",0,-0.512967434894432,0.163390197558482,0.00195526285507796,TRUE,0.271274407833119,0.182669763378889,NA,NA
"Covariate_Only",42,200,"false_3",0,0.0378632464623224,0.127433299400793,0.766689576375936,FALSE,0.271274407833119,0.182669763378889,NA,NA
"VAST_Normal",42,200,"real",1,0.985700178845554,0.186781866187031,1.31115575285889e-07,TRUE,0.284279805456723,0.190274014751993,NA,0.0795913711143598
"VAST_Normal",42,200,"false_1",0,-0.364200653052408,0.201230722491557,0.0703165619350151,FALSE,0.284279805456723,0.190274014751993,NA,0.0795913711143598
"VAST_Normal",42,200,"false_2",0,-0.301778550225921,0.219627385788165,0.169426809481584,FALSE,0.284279805456723,0.190274014751993,NA,0.0795913711143598
"VAST_Normal",42,200,"false_3",0,-0.0817118968745372,0.195263415251389,0.675603458228711,FALSE,0.284279805456723,0.190274014751993,NA,0.0795913711143598
"VAST_RSR",42,200,"real",1,1.17313634558278,0.0905929817646228,0,TRUE,0.27127440783312,0.182669763378889,NA,0.0795913711143598
"VAST_RSR",42,200,"false_1",0,-0.670070489748328,0.0816719697176874,2.22044604925031e-16,TRUE,0.27127440783312,0.182669763378889,NA,0.0795913711143598
"VAST_RSR",42,200,"false_2",0,-0.512967434894432,0.124959845518289,4.0421315215533e-05,TRUE,0.27127440783312,0.182669763378889,NA,0.0795913711143598
"VAST_RSR",42,200,"false_3",0,0.0378632464623228,0.0974602249398053,0.697646440683716,FALSE,0.27127440783312,0.182669763378889,NA,0.0795913711143598
"VAST_Selected",42,200,"real",1,1.24414531599447,0.0783663846066612,0,TRUE,0.302000065182176,0.210337895406993,NA,0.0745356746153037
"Covariate_Only",43,200,"real",1,1.5737600454574,0.0916535451450404,7.30642595724842e-41,TRUE,0.229601430180532,0.12322598134118,NA,NA
"Covariate_Only",43,200,"false_1",0,0.117763788557634,0.12329626768589,0.34069522986996,FALSE,0.229601430180532,0.12322598134118,NA,NA
"Covariate_Only",43,200,"false_2",0,-0.0251724021699663,0.104158196520663,0.809286178851034,FALSE,0.229601430180532,0.12322598134118,NA,NA
"Covariate_Only",43,200,"false_3",0,0.141116992661089,0.0821173384439348,0.0872962790622371,FALSE,0.229601430180532,0.12322598134118,NA,NA
"VAST_Normal",43,200,"real",1,0.947425963704862,0.192372636411658,8.43811471473721e-07,TRUE,0.341067581798664,0.281930339134454,NA,0.0806271213904473
"VAST_Normal",43,200,"false_1",0,0.377810124807307,0.188763959695217,0.0453390701879652,TRUE,0.341067581798664,0.281930339134454,NA,0.0806271213904473
"VAST_Normal",43,200,"false_2",0,-0.34124241599586,0.199778219473931,0.0876166380666679,FALSE,0.341067581798664,0.281930339134454,NA,0.0806271213904473
"VAST_Normal",43,200,"false_3",0,-0.297680536763465,0.164166774320028,0.0697884508653769,FALSE,0.341067581798664,0.281930339134454,NA,0.0806271213904473
"VAST_RSR",43,200,"real",1,1.5737600454574,0.0803548556833997,0,TRUE,0.229601430180532,0.12322598134118,NA,0.0806271213904473
"VAST_RSR",43,200,"false_1",0,0.117763788557633,0.108096787533129,0.275964694026313,FALSE,0.229601430180532,0.12322598134118,NA,0.0806271213904473
"VAST_RSR",43,200,"false_2",0,-0.025172402169966,0.0913179826968646,0.782811853345536,FALSE,0.229601430180532,0.12322598134118,NA,0.0806271213904473
"VAST_RSR",43,200,"false_3",0,0.141116992661089,0.07199423513106,0.049982330158251,TRUE,0.229601430180532,0.12322598134118,NA,0.0806271213904473
"VAST_Selected",43,200,"real",1,1.62910057147644,0.0606197543454054,0,TRUE,0.232373221697434,0.131734572642204,NA,0.083047685278577
"VAST_Selected",43,200,"false_1",0,-0.0432337228655548,0.0870736798671727,0.619528395664667,FALSE,0.232373221697434,0.131734572642204,NA,0.083047685278577
"Covariate_Only",44,200,"real",1,0.562901277907948,0.10831956860853,5.09411903987252e-07,TRUE,0.232019000464388,0.141204324070622,NA,NA
"Covariate_Only",44,200,"false_1",0,0.405278770463715,0.0939249403053877,2.53601556745716e-05,TRUE,0.232019000464388,0.141204324070622,NA,NA
"Covariate_Only",44,200,"false_2",0,0.687332247695156,0.111301821998974,3.76220158801777e-09,TRUE,0.232019000464388,0.141204324070622,NA,NA
"Covariate_Only",44,200,"false_3",0,0.081920742956398,0.112466826876389,0.467243088680577,FALSE,0.232019000464388,0.141204324070622,NA,NA
"VAST_Normal",44,200,"real",1,0.943682101190552,0.210061326369942,7.04208978186127e-06,TRUE,0.246637712475167,0.165007551816851,NA,0.0893899754707715
"VAST_Normal",44,200,"false_1",0,0.288869366992913,0.168435207247012,0.0863419761041836,FALSE,0.246637712475167,0.165007551816851,NA,0.0893899754707715
"VAST_Normal",44,200,"false_2",0,0.348450533707557,0.216364464966348,0.107293218938108,FALSE,0.246637712475167,0.165007551816851,NA,0.0893899754707715
"VAST_Normal",44,200,"false_3",0,-0.276822544513442,0.217545331473057,0.203201873063348,FALSE,0.246637712475167,0.165007551816851,NA,0.0893899754707715
"VAST_RSR",44,200,"real",1,0.562901277907949,0.0800794306062887,2.07589501144412e-12,TRUE,0.232019000464388,0.141204324070622,NA,0.0893899754707715
"VAST_RSR",44,200,"false_1",0,0.405278770463714,0.0694376448873037,5.32813382303488e-09,TRUE,0.232019000464388,0.141204324070622,NA,0.0893899754707715
"VAST_RSR",44,200,"false_2",0,0.687332247695156,0.0822841767707924,1.11022302462516e-16,TRUE,0.232019000464388,0.141204324070622,NA,0.0893899754707715
"VAST_RSR",44,200,"false_3",0,0.0819207429563976,0.0831454516857095,0.324491324180093,FALSE,0.232019000464388,0.141204324070622,NA,0.0893899754707715
"VAST_Selected",44,200,"real",1,0.708101997910161,0.0777473151218166,0,TRUE,0.256205602182072,0.169617051532115,NA,0.0854427135702389
"Covariate_Only",45,200,"real",1,0.489893951560101,0.0698716847699944,3.7701854435658e-11,TRUE,0.212894391842034,0.135821678458927,NA,NA
"Covariate_Only",45,200,"false_1",0,-0.0384691661256987,0.108857975454011,0.72417889009676,FALSE,0.212894391842034,0.135821678458927,NA,NA
"Covariate_Only",45,200,"false_2",0,-0.230152821368692,0.103735574385142,0.027664122750869,TRUE,0.212894391842034,0.135821678458927,NA,NA
"Covariate_Only",45,200,"false_3",0,-0.0478256519039021,0.0960275018936628,0.619016226148876,FALSE,0.212894391842034,0.135821678458927,NA,NA
"VAST_Normal",45,200,"real",1,0.801420024417504,0.168219902260866,1.89678354378664e-06,TRUE,0.245981343062821,0.1672131292054,NA,0.0945735666228613
"VAST_Normal",45,200,"false_1",0,0.27684959115307,0.174134271595245,0.111865746696474,FALSE,0.245981343062821,0.1672131292054,NA,0.0945735666228613
"VAST_Normal",45,200,"false_2",0,-0.112849666330951,0.170919625321662,0.509093471820296,FALSE,0.245981343062821,0.1672131292054,NA,0.0945735666228613
"VAST_Normal",45,200,"false_3",0,0.0891055595090927,0.190630175953775,0.640194903392884,FALSE,0.245981343062821,0.1672131292054,NA,0.0945735666228613
"VAST_RSR",45,200,"real",1,0.489893951560101,0.0572101365831453,0,TRUE,0.212894391842034,0.135821678458927,NA,0.0945735666228613
"VAST_RSR",45,200,"false_1",0,-0.0384691661256982,0.0891316656294941,0.666032653987004,FALSE,0.212894391842034,0.135821678458927,NA,0.0945735666228613
"VAST_RSR",45,200,"false_2",0,-0.230152821368692,0.084937502203376,0.00673496553789821,TRUE,0.212894391842034,0.135821678458927,NA,0.0945735666228613
"VAST_RSR",45,200,"false_3",0,-0.0478256519039024,0.0786262205807569,0.543011107549865,FALSE,0.212894391842034,0.135821678458927,NA,0.0945735666228613
"VAST_Selected",45,200,"real",1,0.559161840331465,0.0548708937965692,0,TRUE,0.227882208858974,0.149851950024335,NA,0.0944259911305934
"Covariate_Only",46,200,"real",1,0.978656256373673,0.0820791015747365,5.68260044788258e-25,TRUE,0.241848777607573,0.170001316343378,NA,NA
"Covariate_Only",46,200,"false_1",0,0.683583753135384,0.15251199411741,1.25854451482116e-05,TRUE,0.241848777607573,0.170001316343378,NA,NA
"Covariate_Only",46,200,"false_2",0,0.353650345772806,0.136538097744701,0.010318496660928,TRUE,0.241848777607573,0.170001316343378,NA,NA
"Covariate_Only",46,200,"false_3",0,-0.342388763203367,0.0829911185792524,5.47272760666745e-05,TRUE,0.241848777607573,0.170001316343378,NA,NA
"VAST_Normal",46,200,"real",1,0.938637878408925,0.174763232716889,7.83395961434508e-08,TRUE,0.249258178044316,0.18708859372606,NA,0.0995938550316153
"VAST_Normal",46,200,"false_1",0,0.166706261933939,0.231781026884572,0.471992855064247,FALSE,0.249258178044316,0.18708859372606,NA,0.0995938550316153
"VAST_Normal",46,200,"false_2",0,0.183073228800566,0.208243497199481,0.379330472766713,FALSE,0.249258178044316,0.18708859372606,NA,0.0995938550316153
"VAST_Normal",46,200,"false_3",0,-0.373778378704318,0.173344402009614,0.0310621179377146,TRUE,0.249258178044316,0.18708859372606,NA,0.0995938550316153
"VAST_RSR",46,200,"real",1,0.978656256373674,0.0587955462705686,0,TRUE,0.241848777607573,0.170001316343378,NA,0.0995938550316153
"VAST_RSR",46,200,"false_1",0,0.683583753135388,0.109248588677377,3.92100463209033e-10,TRUE,0.241848777607573,0.170001316343378,NA,0.0995938550316153
"VAST_RSR",46,200,"false_2",0,0.353650345772806,0.0978060418501827,0.000299382964851547,TRUE,0.241848777607573,0.170001316343378,NA,0.0995938550316153
"VAST_RSR",46,200,"false_3",0,-0.342388763203365,0.0594488494495724,8.44213599027199e-09,TRUE,0.241848777607573,0.170001316343378,NA,0.0995938550316153
"VAST_Selected",46,200,"real",1,1.01522730661385,0.054275830340694,0,TRUE,0.25408363743374,0.191792109909129,NA,0.0995135853998882
"VAST_Selected",46,200,"false_1",0,-0.313694961882862,0.0565875298529668,2.96425102241926e-08,TRUE,0.25408363743374,0.191792109909129,NA,0.0995135853998882
"Covariate_Only",47,200,"real",1,1.69196752391042,0.145976021058097,5.69314494958216e-24,TRUE,0.265640796211475,0.174927527549316,NA,NA
"Covariate_Only",47,200,"false_1",0,0.00240068642035226,0.0877580228891453,0.978203967833715,FALSE,0.265640796211475,0.174927527549316,NA,NA
"Covariate_Only",47,200,"false_2",0,0.838330504205011,0.111719806549743,2.1483892185877e-12,TRUE,0.265640796211475,0.174927527549316,NA,NA
"Covariate_Only",47,200,"false_3",0,0.0540240485185564,0.140052670737624,0.700109032939525,FALSE,0.265640796211475,0.174927527549316,NA,NA
"VAST_Normal",47,200,"real",1,0.851806659272073,0.238807002220489,0.000361194842591006,TRUE,0.340427923537161,0.276155393769226,NA,0.0841052989293392
"VAST_Normal",47,200,"false_1",0,-0.0645867028014264,0.225639059372059,0.774695061223928,FALSE,0.340427923537161,0.276155393769226,NA,0.0841052989293392
"VAST_Normal",47,200,"false_2",0,0.128887934109191,0.266522543236098,0.628676080976749,FALSE,0.340427923537161,0.276155393769226,NA,0.0841052989293392
"VAST_Normal",47,200,"false_3",0,0.348912647347289,0.225207103239895,0.121310385505702,FALSE,0.340427923537161,0.276155393769226,NA,0.0841052989293392
"VAST_RSR",47,200,"real",1,1.69196752391042,0.104308760805289,0,TRUE,0.265640796211475,0.174927527549316,NA,0.0841052989293392
"VAST_RSR",47,200,"false_1",0,0.00240068642035213,0.0627084541141576,0.969461807487966,FALSE,0.265640796211475,0.174927527549316,NA,0.0841052989293392
"VAST_RSR",47,200,"false_2",0,0.83833050420501,0.0798306084392615,0,TRUE,0.265640796211475,0.174927527549316,NA,0.0841052989293392
"VAST_RSR",47,200,"false_3",0,0.0540240485185569,0.100076166114287,0.589314746190384,FALSE,0.265640796211475,0.174927527549316,NA,0.0841052989293392
"VAST_Selected",47,200,"real",1,1.86299131068094,0.100389305566957,0,TRUE,0.310238662293233,0.241207637779831,NA,0.082718429392211
"Covariate_Only",48,200,"real",1,1.63115626323712,0.11724287253418,5.14726413058925e-31,TRUE,0.248308564463642,0.180959082022491,NA,NA
"Covariate_Only",48,200,"false_1",0,-0.128360923570583,0.119169866452792,0.282754849320151,FALSE,0.248308564463642,0.180959082022491,NA,NA
"Covariate_Only",48,200,"false_2",0,-0.484505775195001,0.13677509056606,0.000496151189687922,TRUE,0.248308564463642,0.180959082022491,NA,NA
"Covariate_Only",48,200,"false_3",0,-0.366217256179049,0.119229653946575,0.00243384778483746,TRUE,0.248308564463642,0.180959082022491,NA,NA
"VAST_Normal",48,200,"real",1,0.979113753940974,0.192477053777596,3.63941400904899e-07,TRUE,0.289875433955531,0.251616442150541,NA,0.0827630842602776
"VAST_Normal",48,200,"false_1",0,-0.110028825754906,0.205365888889326,0.592117708519108,FALSE,0.289875433955531,0.251616442150541,NA,0.0827630842602776
"VAST_Normal",48,200,"false_2",0,-0.0314781317642817,0.177214119838824,0.859015390071151,FALSE,0.289875433955531,0.251616442150541,NA,0.0827630842602776
"VAST_Normal",48,200,"false_3",0,-0.13691341861508,0.191411024590912,0.474433007351542,FALSE,0.289875433955531,0.251616442150541,NA,0.0827630842602776
"VAST_RSR",48,200,"real",1,1.63115626323712,0.0922188168656877,0,TRUE,0.248308564463642,0.180959082022491,NA,0.0827630842602776
"VAST_RSR",48,200,"false_1",0,-0.128360923570583,0.0937345175256995,0.170871357018119,FALSE,0.248308564463642,0.180959082022491,NA,0.0827630842602776
"VAST_RSR",48,200,"false_2",0,-0.484505775195001,0.107582122103177,6.68150353166919e-06,TRUE,0.248308564463642,0.180959082022491,NA,0.0827630842602776
"VAST_RSR",48,200,"false_3",0,-0.366217256179049,0.0937815441109488,9.42240289104612e-05,TRUE,0.248308564463642,0.180959082022491,NA,0.0827630842602776
"VAST_Selected",48,200,"real",1,1.51725952839668,0.063770278532751,0,TRUE,0.267293720327438,0.213156984145612,NA,0.0825218288974527
"Covariate_Only",49,200,"real",1,1.17528996972198,0.0893250554885375,1.02877125590471e-28,TRUE,0.237403981684163,0.148235621158485,NA,NA
"Covariate_Only",49,200,"false_1",0,-0.652240952239499,0.13695956734923,3.72733953220591e-06,TRUE,0.237403981684163,0.148235621158485,NA,NA
"Covariate_Only",49,200,"false_2",0,0.21556735083645,0.0979323225906804,0.0288963710449271,TRUE,0.237403981684163,0.148235621158485,NA,NA
"Covariate_Only",49,200,"false_3",0,-0.251403709393516,0.12977080733061,0.0541545661458691,FALSE,0.237403981684163,0.148235621158485,NA,NA
"VAST_Normal",49,200,"real",1,1.18701178637396,0.170770926748256,3.62965213440702e-12,TRUE,0.248007175908437,0.159098346696918,NA,0.0849745478591503
"VAST_Normal",49,200,"false_1",0,-0.268591213314696,0.208774290571492,0.198263459303272,FALSE,0.248007175908437,0.159098346696918,NA,0.0849745478591503
"VAST_Normal",49,200,"false_2",0,0.0411563678774029,0.205792261378212,0.841488502600697,FALSE,0.248007175908437,0.159098346696918,NA,0.0849745478591503
"VAST_Normal",49,200,"false_3",0,-0.144406286507513,0.197126616359072,0.46382927277867,FALSE,0.248007175908437,0.159098346696918,NA,0.0849745478591503
"VAST_RSR",49,200,"real",1,1.17528996972198,0.0703805492220497,0,TRUE,0.237403981684163,0.148235621158485,NA,0.0849745478591503
"VAST_RSR",49,200,"false_1",0,-0.652240952239499,0.107912494635842,1.5018550847401e-09,TRUE,0.237403981684163,0.148235621158485,NA,0.0849745478591503
"VAST_RSR",49,200,"false_2",0,0.21556735083645,0.077162343900335,0.00521110700317995,TRUE,0.237403981684163,0.148235621158485,NA,0.0849745478591503
"VAST_RSR",49,200,"false_3",0,-0.251403709393515,0.102248362936524,0.0139419589870255,TRUE,0.237403981684163,0.148235621158485,NA,0.0849745478591503
"VAST_Selected",49,200,"real",1,0.967872595266113,0.0612825692819568,0,TRUE,0.260108618629852,0.17289805671036,NA,0.083640201523298
"Covariate_Only",50,200,"real",1,0.87283732401201,0.106185477715661,2.80148604856845e-14,TRUE,0.25644603316092,0.160331727068357,NA,NA
"Covariate_Only",50,200,"false_1",0,0.141808153428887,0.112609771447664,0.209431544671182,FALSE,0.25644603316092,0.160331727068357,NA,NA
"Covariate_Only",50,200,"false_2",0,0.192226874617019,0.145380027169632,0.187638010741977,FALSE,0.25644603316092,0.160331727068357,NA,NA
"Covariate_Only",50,200,"false_3",0,0.334500928725163,0.0962111108152028,0.000625679544388593,TRUE,0.25644603316092,0.160331727068357,NA,NA
"VAST_Normal",50,200,"real",1,0.969630303454065,0.171071289017137,1.44482652508771e-08,TRUE,0.258529989269133,0.161898368189573,NA,0.0819278323518624
"VAST_Normal",50,200,"false_1",0,0.209657894505495,0.187814679777157,0.264292904407121,FALSE,0.258529989269133,0.161898368189573,NA,0.0819278323518624
"VAST_Normal",50,200,"false_2",0,-0.0562452718270271,0.189845557553331,0.767024986683927,FALSE,0.258529989269133,0.161898368189573,NA,0.0819278323518624
"VAST_Normal",50,200,"false_3",0,0.236510463622703,0.185773642410394,0.202978663838384,FALSE,0.258529989269133,0.161898368189573,NA,0.0819278323518624
"VAST_RSR",50,200,"real",1,0.87283732401201,0.0854211802728736,0,TRUE,0.25644603316092,0.160331727068357,NA,0.0819278323518624
"VAST_RSR",50,200,"false_1",0,0.141808153428887,0.0905892198656022,0.117489695133411,FALSE,0.25644603316092,0.160331727068357,NA,0.0819278323518624
"VAST_RSR",50,200,"false_2",0,0.192226874617019,0.116951336247564,0.10024885391142,FALSE,0.25644603316092,0.160331727068357,NA,0.0819278323518624
"VAST_RSR",50,200,"false_3",0,0.334500928725163,0.0773972752018496,1.54712639910404e-05,TRUE,0.25644603316092,0.160331727068357,NA,0.0819278323518624
"VAST_Selected",50,200,"real",1,0.956884536389614,0.0632900965712065,0,TRUE,0.265759465044617,0.170504179979188,NA,0.0802612301040606
